,Age,Fare,Sex,sibsp,Parch,Pclass,Embarked,2urvived
0,0,0,0,1,0,1,1,0
1,1,1,1,1,0,0,0,1
2,0,0,1,0,0,1,1,1
3,1,1,1,1,0,0,1,1
4,1,0,0,0,0,1,1,0
5,0,0,0,0,0,1,0,0
6,1,1,0,0,0,0,1,0
7,0,0,0,1,1,1,1,0
8,0,0,1,0,1,1,1,1
9,0,0,1,1,0,0,0,1
10,0,0,1,1,1,1,1,1
11,1,0,1,0,0,0,1,1
12,0,0,0,0,0,1,1,0
13,1,0,0,1,1,1,1,0
14,0,0,1,0,0,1,1,0
15,1,0,1,0,0,0,1,1
16,0,0,0,1,1,1,0,0
17,0,0,0,0,0,0,1,1
18,1,0,1,1,0,1,1,0
19,0,0,1,0,0,1,0,1
20,1,0,0,0,0,0,1,0
21,1,0,0,0,0,0,1,1
22,0,0,1,0,0,1,0,1
23,0,1,0,0,0,0,1,1
24,0,0,1,1,1,1,1,0
25,1,0,1,1,1,1,1,1
26,0,0,0,0,0,1,0,0
27,0,1,0,1,1,0,1,0
28,0,0,1,0,0,1,0,1
29,0,0,0,0,0,1,1,0
30,1,0,0,0,0,0,0,0
31,0,1,1,1,0,0,0,1
32,0,0,1,0,0,1,0,1
33,1,0,0,0,0,0,1,0
34,0,1,0,1,0,0,0,0
35,1,1,0,1,0,0,1,0
36,0,0,0,0,0,1,0,1
37,0,0,0,0,0,1,1,0
38,0,0,1,1,0,1,1,0
39,0,0,1,1,0,1,0,1
40,1,0,1,1,0,1,1,0
41,0,0,1,1,0,0,1,0
42,0,0,0,0,0,1,0,0
43,0,1,1,1,1,0,0,1
44,0,0,1,0,0,1,0,1
45,0,0,0,0,0,1,1,0
46,0,0,0,1,0,1,0,0
47,0,0,1,0,0,1,0,1
48,0,0,0,1,0,1,0,0
49,0,0,1,1,0,1,1,0
50,0,1,0,1,1,1,1,0
51,0,0,0,0,0,1,1,0
52,1,1,1,1,0,0,0,1
53,0,0,1,1,0,0,1,1
54,1,1,0,0,1,0,0,0
55,0,1,0,0,0,0,1,1
56,0,0,1,0,0,0,1,1
57,0,0,0,0,0,1,0,0
58,0,0,1,1,1,0,1,1
59,0,1,0,1,1,1,1,0
60,0,0,0,0,0,1,0,0
61,1,1,1,0,0,0,0,1
62,1,1,0,1,0,0,1,0
63,0,0,0,1,1,1,1,0
64,0,0,0,0,0,0,0,0
65,0,0,0,1,1,1,0,1
66,0,0,1,0,0,0,1,1
67,0,0,0,0,0,1,1,0
68,0,0,1,1,1,1,1,1
69,0,0,0,1,0,1,1,0
70,1,0,0,0,0,0,1,0
71,0,1,1,1,1,1,1,0
72,0,1,0,0,0,0,1,0
73,0,0,0,1,0,1,0,0
74,1,1,0,0,0,1,1,1
75,0,0,0,0,0,1,1,0
76,0,0,0,0,0,1,1,0
77,0,0,0,0,0,1,1,0
78,0,0,0,0,1,0,1,1
79,1,0,1,0,0,1,1,1
80,0,0,0,0,0,1,1,0
81,0,0,0,0,0,1,1,1
82,0,0,1,0,0,1,0,1
83,0,1,0,0,0,0,1,0
84,0,0,1,0,0,0,1,1
85,1,0,1,1,0,1,1,1
86,0,1,0,1,1,1,1,0
87,0,0,0,0,0,1,1,0
88,0,1,1,1,1,0,1,1
89,0,0,0,0,0,1,1,0
90,0,0,0,0,0,1,1,0
91,0,0,0,0,0,1,1,0
92,1,1,0,1,0,0,1,0
93,0,0,0,1,1,1,1,0
94,1,0,0,0,0,1,1,0
95,0,0,0,0,0,1,1,0
96,1,1,0,0,0,0,0,0
97,0,1,0,0,1,0,0,1
98,1,0,1,0,1,0,1,1
99,1,0,0,1,0,0,1,0
100,0,0,1,0,0,1,1,0
101,0,0,0,0,0,1,1,0
102,0,1,0,0,1,0,1,0
103,1,0,0,0,0,1,1,0
104,1,0,0,1,0,1,1,0
105,0,0,0,0,0,1,1,0
106,0,0,1,0,0,1,1,1
107,0,0,0,0,0,1,1,1
108,1,0,0,0,0,1,1,0
109,0,0,1,1,0,1,0,1
110,1,1,0,0,0,0,1,0
111,0,0,1,1,0,1,0,0
112,0,0,0,0,0,1,1,0
113,0,0,1,1,0,1,1,0
114,0,0,1,0,0,1,0,0
115,0,0,0,0,0,1,1,0
116,1,0,0,0,0,1,0,0
117,0,0,0,1,0,0,1,0
118,0,1,0,0,1,0,0,0
119,0,0,1,1,1,1,1,0
120,0,1,0,1,0,0,1,0
121,0,0,0,0,0,1,1,0
122,1,0,0,1,0,0,0,0
123,1,0,1,0,0,0,1,1
124,1,1,0,0,1,0,1,0
125,0,0,0,1,0,1,0,1
126,0,0,0,0,0,1,0,0
127,0,0,0,0,0,1,1,1
128,0,0,1,1,1,1,0,1
129,1,0,0,0,0,1,1,0
130,1,0,0,0,0,1,0,0
131,0,0,0,0,0,1,1,0
132,1,0,1,1,0,1,1,0
133,0,0,1,1,0,0,1,1
134,0,0,0,0,0,0,1,0
135,0,0,0,0,0,0,0,0
136,0,0,1,0,1,0,1,1
137,1,1,0,1,0,0,1,0
138,0,0,0,0,0,1,1,0
139,0,1,0,0,0,0,0,0
140,0,0,1,0,1,1,0,0
141,0,0,1,0,0,1,1,1
142,0,0,1,1,0,1,1,1
143,0,0,0,0,0,1,0,0
144,0,0,0,0,0,0,1,0
145,0,1,0,1,1,0,1,0
146,0,0,0,0,0,1,1,1
147,0,1,1,1,1,1,1,0
148,1,0,0,0,1,0,1,0
149,1,0,0,0,0,0,1,0
150,1,0,0,0,0,0,1,0
151,0,1,1,1,0,0,1,1
152,1,0,0,0,0,1,1,0
153,1,0,0,0,1,1,1,0
154,0,0,0,0,0,1,1,0
155,1,1,0,0,1,0,0,0
156,0,0,1,0,0,1,0,1
157,1,0,0,0,0,1,1,0
158,0,0,0,0,0,1,1,0
159,0,1,0,1,1,1,1,0
160,1,0,0,0,1,1,1,0
161,1,0,1,0,0,0,1,1
162,0,0,0,0,0,1,1,0
163,0,0,0,0,0,1,1,0
164,0,1,0,1,1,1,1,0
165,0,0,0,0,1,1,1,1
166,0,1,1,0,1,0,1,1
167,1,0,1,1,1,1,1,0
168,0,0,0,0,0,0,1,0
169,0,1,0,0,0,1,1,0
170,1,1,0,0,0,0,1,0
171,0,0,0,1,1,1,0,0
172,0,0,1,1,1,1,1,1
173,0,0,0,0,0,1,1,0
174,1,0,0,0,0,0,0,0
175,0,0,0,1,1,1,1,0
176,0,0,0,1,1,1,1,0
177,1,0,1,0,0,0,0,0
178,1,0,0,0,0,0,1,0
179,1,0,0,0,0,1,1,0
180,0,1,1,1,1,1,1,0
181,0,0,0,0,0,0,0,0
182,0,0,0,1,1,1,1,0
183,0,1,0,1,1,0,1,1
184,0,0,1,0,1,1,1,1
185,0,1,0,0,0,0,1,0
186,0,0,1,1,0,1,0,1
187,1,0,0,0,0,0,1,1
188,1,0,0,1,1,1,0,0
189,1,0,0,0,0,1,1,0
190,1,0,1,0,0,0,1,1
191,0,0,0,0,0,0,1,0
192,0,0,1,1,0,1,1,1
193,0,0,0,1,1,0,1,1
194,1,0,1,0,0,0,0,1
195,1,1,1,0,0,0,0,1
196,0,0,0,0,0,1,0,0
197,1,0,0,0,1,1,1,0
198,0,0,1,0,0,1,0,1
199,0,0,1,0,0,0,1,0
200,0,0,0,0,0,1,1,0
201,0,1,0,1,1,1,1,0
202,1,0,0,0,0,1,1,0
203,1,0,0,0,0,1,0,0
204,0,0,0,0,0,1,1,1
205,0,0,1,0,1,1,1,0
206,1,0,0,1,0,1,1,0
207,0,0,0,0,0,1,0,1
208,0,0,1,0,0,1,0,1
209,1,0,0,0,0,0,0,1
210,0,0,0,0,0,1,1,0
211,1,0,1,0,0,0,1,1
212,0,0,0,0,0,1,1,0
213,1,0,0,0,0,0,1,0
214,0,0,0,1,0,1,0,0
215,1,1,1,1,0,0,0,1
216,0,0,1,0,0,1,1,1
217,1,0,0,1,0,0,1,0
218,1,1,1,0,0,0,0,1
219,1,0,0,0,0,0,1,0
220,0,0,0,0,0,1,1,1
221,0,0,0,0,0,0,1,0
222,1,0,0,0,0,1,1,0
223,0,0,0,0,0,1,1,0
224,1,1,0,1,0,0,1,1
225,0,0,0,0,0,1,1,0
226,0,0,0,0,0,0,1,1
227,0,0,0,0,0,1,1,0
228,0,0,0,0,0,0,1,0
229,0,0,1,1,1,1,1,0
230,1,1,1,1,0,0,1,1
231,0,0,0,0,0,1,1,0
232,1,0,0,0,0,0,1,0
233,0,0,1,1,1,1,1,1
234,0,0,0,0,0,0,1,0
235,0,0,1,0,0,1,1,0
236,1,0,0,1,0,0,1,0
237,0,0,1,0,1,0,1,1
238,0,0,0,0,0,0,1,0
239,1,0,0,0,0,0,1,0
240,0,0,1,1,0,1,0,0
241,0,0,1,1,0,1,0,1
242,0,0,0,0,0,0,1,0
243,0,0,0,0,0,1,1,0
244,1,0,0,0,0,1,0,0
245,1,1,0,1,0,0,0,0
246,0,0,1,0,0,1,1,0
247,0,0,1,0,1,0,1,1
248,1,1,0,1,1,0,1,1
249,1,0,0,1,0,0,1,0
250,0,0,0,0,0,1,1,0
251,0,0,1,1,1,1,1,0
252,1,0,0,0,0,0,1,0
253,1,0,0,1,0,1,1,0
254,1,0,1,0,1,1,1,0
255,0,0,1,0,1,1,0,1
256,0,1,1,0,0,0,0,1
257,1,1,1,0,0,0,1,1
258,1,1,1,0,0,0,0,1
259,1,0,1,0,1,0,1,1
260,0,0,0,0,0,1,0,0
261,0,0,0,1,1,1,1,1
262,1,1,0,1,1,0,1,0
263,1,0,0,0,0,0,1,0
264,0,0,1,0,0,1,0,0
265,1,0,0,0,0,0,1,0
266,0,1,0,1,1,1,1,0
267,0,0,0,1,0,1,1,1
268,1,1,1,0,1,0,1,1
269,1,1,1,0,0,0,1,1
270,0,0,0,0,0,0,1,0
271,0,0,0,0,0,1,1,1
272,1,0,1,0,1,0,1,1
273,1,0,0,0,1,0,0,0
274,0,0,1,0,0,1,0,1
275,1,1,1,1,0,0,1,1
276,1,0,1,0,0,1,1,0
277,0,0,0,0,0,0,1,0
278,0,0,0,1,1,1,0,0
279,1,0,1,1,1,1,1,1
280,1,0,0,0,0,1,0,0
281,0,0,0,0,0,1,1,0
282,0,0,0,0,0,1,1,0
283,0,0,0,0,0,1,1,1
284,0,0,0,0,0,0,1,0
285,1,0,0,0,0,1,0,0
286,1,0,0,0,0,1,1,1
287,0,0,0,0,0,1,1,0
288,1,0,0,0,0,0,1,1
289,0,0,1,0,0,1,0,1
290,0,1,1,0,0,0,1,1
291,0,1,1,1,0,0,0,1
292,1,0,0,0,0,0,0,0
293,0,0,1,0,0,1,1,0
294,0,0,0,0,0,1,1,0
295,0,0,0,0,0,0,0,0
296,0,0,0,0,0,1,0,0
297,0,1,1,1,1,0,1,0
298,0,0,0,0,0,0,1,1
299,1,1,1,0,1,0,0,1
300,0,0,1,0,0,1,0,1
301,0,0,0,1,0,1,0,1
302,0,0,0,0,0,1,1,0
303,0,0,1,0,0,0,0,1
304,0,0,0,0,0,1,1,0
305,0,1,0,1,1,0,1,1
306,0,1,1,0,0,0,0,1
307,0,1,1,1,0,0,0,1
308,1,0,0,1,0,0,0,0
309,1,1,1,0,0,0,0,1
310,0,1,1,0,0,0,0,1
311,0,1,1,1,1,0,0,1
312,0,0,1,1,1,0,1,0
313,0,0,0,0,0,1,1,0
314,1,0,0,1,1,0,1,0
315,0,0,1,0,0,1,1,1
316,0,0,1,1,0,0,1,1
317,1,0,0,0,0,0,1,0
318,1,1,1,0,1,0,1,1
319,1,1,1,1,1,0,0,1
320,0,0,0,0,0,1,1,0
321,0,0,0,0,0,1,1,0
322,1,0,1,0,0,0,0,1
323,0,0,1,1,1,0,1,1
324,0,1,0,1,1,1,1,0
325,1,1,1,0,0,0,0,1
326,1,0,0,0,0,1,1,0
327,1,0,1,0,0,0,1,1
328,1,0,1,1,1,1,1,1
329,0,1,1,0,1,0,0,1
330,0,0,1,1,0,1,0,1
331,1,0,0,0,0,0,1,0
332,1,1,0,0,1,0,1,0
333,0,0,0,1,0,1,1,0
334,0,1,1,1,0,0,1,1
335,0,0,0,0,0,1,1,0
336,0,1,0,1,0,0,1,0
337,1,1,1,0,0,0,0,1
338,1,0,0,0,0,1,1,1
339,1,1,0,0,0,0,1,0
340,0,0,0,1,1,0,1,1
341,0,1,1,1,1,0,1,1
342,0,0,0,0,0,0,1,0
343,0,0,0,0,0,0,1,0
344,1,0,0,0,0,0,1,0
345,0,0,1,0,0,0,1,1
346,1,0,1,0,0,0,1,1
347,0,0,1,1,0,1,1,1
348,0,0,0,1,1,1,1,1
349,1,0,0,0,0,1,1,0
350,0,0,0,0,0,1,1,0
351,0,1,0,0,0,0,1,0
352,0,0,0,1,1,1,0,0
353,0,0,0,1,0,1,1,0
354,0,0,0,0,0,1,0,0
355,0,0,0,0,0,1,1,0
356,0,1,1,0,1,0,1,1
357,1,0,1,0,0,0,1,0
358,0,0,1,0,0,1,0,1
359,0,0,1,0,0,1,0,1
360,1,0,0,1,1,1,1,0
361,0,0,0,1,0,0,0,0
362,1,0,1,0,1,1,0,0
363,1,0,0,0,0,1,1,0
364,0,0,0,1,0,1,0,0
365,1,0,0,0,0,1,1,0
366,1,1,1,1,0,0,0,1
367,0,0,1,0,0,1,0,1
368,0,0,1,0,0,1,0,1
369,0,1,1,0,0,0,0,1
370,0,1,0,1,0,0,0,1
371,0,0,0,1,0,1,1,0
372,0,0,0,0,0,1,1,0
373,0,1,0,0,0,0,0,0
374,0,0,1,1,1,1,1,0
375,0,1,1,1,0,0,0,1
376,0,0,1,0,0,1,1,1
377,0,1,0,0,1,0,0,0
378,0,0,0,0,0,1,0,0
379,0,0,0,0,0,1,1,0
380,1,1,1,0,0,0,0,1
381,0,0,1,0,1,1,0,1
382,1,0,0,0,0,1,1,0
383,1,1,1,1,0,0,1,1
384,0,0,0,0,0,1,1,0
385,0,1,0,0,0,0,1,0
386,0,1,0,1,1,1,1,0
387,1,0,1,0,0,0,1,1
388,0,0,0,0,0,1,0,0
389,0,0,1,0,0,0,0,1
390,1,1,0,1,1,0,1,1
391,0,0,0,0,0,1,1,1
392,0,0,0,1,0,1,1,0
393,0,1,1,1,0,0,0,1
394,0,0,1,0,1,1,1,1
395,0,0,0,0,0,1,1,0
396,1,0,1,0,0,1,1,0
397,1,0,0,0,0,0,1,0
398,0,0,0,0,0,0,1,0
399,0,0,1,0,0,0,1,1
400,1,0,0,0,0,1,1,1
401,0,0,0,0,0,1,1,0
402,0,0,1,1,0,1,1,0
403,0,0,0,1,0,1,1,0
404,0,0,1,0,0,1,1,0
405,1,0,0,1,0,0,1,0
406,1,0,0,0,0,1,1,0
407,0,0,0,1,1,0,1,1
408,0,0,0,0,0,1,1,0
409,0,0,1,1,1,1,1,0
410,0,0,0,0,0,1,1,0
411,0,0,0,0,0,1,0,0
412,1,1,1,1,0,0,0,1
413,0,0,0,0,0,0,1,0
414,1,0,0,0,0,1,1,1
415,0,0,1,0,0,1,1,0
416,1,0,1,1,1,0,1,1
417,0,0,1,0,1,0,1,1
418,1,0,0,0,0,0,1,0
419,0,0,1,0,1,1,1,0
420,0,0,0,0,0,1,0,0
421,0,0,0,0,0,1,0,0
422,0,0,0,0,0,1,1,0
423,0,0,1,1,1,1,1,0
424,0,0,0,1,1,1,1,0
425,0,0,0,0,0,1,1,0
426,0,0,1,1,0,0,1,1
427,0,0,1,0,0,0,1,1
428,0,0,0,0,0,1,0,0
429,1,0,0,0,0,1,1,1
430,0,0,0,0,0,0,1,1
431,0,0,1,1,0,1,1,1
432,1,0,1,1,0,0,1,1
433,0,0,0,0,0,1,1,0
434,1,1,0,1,0,0,1,0
435,0,1,1,1,1,0,1,1
436,0,1,1,1,1,1,1,0
437,0,0,1,1,1,0,1,1
438,1,1,0,1,1,0,1,0
439,1,0,0,0,0,0,1,0
440,1,0,1,1,1,0,1,1
441,0,0,0,0,0,1,1,0
442,0,0,0,1,0,1,1,0
443,0,0,1,0,0,0,1,1
444,0,0,0,0,0,1,1,1
445,0,1,0,0,1,0,1,1
446,0,0,1,0,1,0,1,1
447,1,0,0,0,0,0,1,1
448,0,0,1,1,1,1,0,1
449,1,0,0,0,0,0,1,1
450,1,0,0,1,1,0,1,0
451,0,0,0,1,0,1,1,0
452,1,0,0,0,0,0,0,0
453,1,1,0,1,0,0,0,1
454,0,0,0,0,0,1,1,0
455,0,0,0,0,0,1,0,1
456,1,0,0,0,0,0,1,0
457,0,1,1,1,0,0,1,1
458,1,0,1,0,0,0,1,1
459,0,0,0,0,0,1,0,0
460,1,0,0,0,0,0,1,1
461,1,0,0,0,0,1,1,0
462,1,1,0,0,0,0,1,0
463,1,0,0,0,0,0,1,0
464,0,0,0,0,0,1,1,0
465,1,0,0,0,0,1,1,0
466,0,0,0,0,0,0,1,0
467,1,0,0,0,0,0,1,0
468,0,0,0,0,0,1,0,0
469,0,0,1,1,1,1,0,1
470,0,0,0,0,0,1,1,0
471,1,0,0,0,0,1,1,0
472,1,0,1,1,1,0,1,1
473,0,0,1,0,0,0,0,1
474,0,0,1,0,0,1,1,0
475,0,1,0,0,0,0,1,0
476,1,0,0,1,0,0,1,0
477,0,0,0,1,0,1,1,0
478,0,0,0,0,0,1,1,0
479,0,0,1,0,1,1,1,1
480,0,1,0,1,1,1,1,0
481,0,0,0,0,0,0,1,0
482,1,0,0,0,0,1,1,0
483,1,0,1,0,0,1,1,1
484,0,1,0,1,0,0,0,1
485,0,0,1,1,1,1,1,0
486,1,1,1,1,0,0,1,1
487,1,0,0,0,0,0,0,0
488,1,0,0,0,0,1,1,0
489,0,0,0,1,1,1,1,1
490,0,0,0,1,0,1,1,0
491,0,0,0,0,0,1,1,0
492,1,0,0,0,0,0,1,0
493,1,1,0,0,0,0,0,0
494,0,0,0,0,0,1,1,0
495,0,0,0,0,0,1,0,0
496,1,1,1,1,0,0,0,1
497,0,0,0,0,0,1,1,0
498,0,1,1,1,1,0,1,0
499,0,0,0,0,0,1,1,0
500,0,0,0,0,0,1,1,0
501,0,0,1,0,0,1,0,0
502,0,0,1,0,0,1,0,0
503,1,0,1,0,0,1,1,0
504,0,1,1,0,0,0,1,1
505,0,1,0,1,0,0,0,0
506,1,0,1,0,1,0,1,1
507,0,0,0,0,0,0,1,1
508,0,0,0,0,0,1,1,0
509,0,1,0,0,0,1,1,1
510,0,0,0,0,0,1,0,1
511,0,0,0,0,0,1,1,0
512,1,0,0,0,0,0,1,1
513,1,1,1,1,0,0,0,1
514,0,0,0,0,0,1,1,0
515,1,1,0,0,0,0,1,0
516,1,0,1,0,0,0,1,1
517,0,0,0,0,0,1,0,0
518,1,0,1,1,0,0,1,1
519,1,0,0,0,0,1,1,0
520,1,1,1,0,0,0,1,1
521,0,0,0,0,0,1,1,0
522,0,0,0,0,0,1,0,0
523,1,1,1,0,1,0,0,1
524,0,0,0,0,0,1,0,0
525,1,0,0,0,0,1,0,0
526,1,0,1,0,0,0,1,1
527,0,1,0,0,0,0,1,0
528,1,0,0,0,0,1,1,0
529,0,0,0,1,1,0,1,0
530,0,0,1,1,1,0,1,1
531,0,0,0,0,0,1,0,0
532,0,0,0,1,1,1,0,0
533,0,0,1,0,1,1,0,1
534,1,0,1,0,0,1,1,0
535,0,0,1,0,1,0,1,1
536,1,0,0,0,0,0,1,0
537,1,1,1,0,0,0,0,1
538,0,0,0,0,0,1,1,0
539,0,1,1,0,1,0,0,1
540,1,1,1,0,1,0,1,1
541,0,0,1,1,1,1,1,0
542,0,0,1,1,1,1,1,0
543,1,0,0,1,0,0,1,1
544,1,1,0,1,0,0,0,0
545,1,0,0,0,0,0,1,0
546,0,0,1,1,0,0,1,1
547,0,0,0,0,0,0,0,1
548,1,0,0,1,1,1,1,0
549,0,1,0,1,1,0,1,1
550,0,1,0,0,1,0,0,1
551,0,0,0,0,0,0,1,0
552,0,0,0,0,0,1,0,0
553,0,0,0,0,0,1,0,1
554,0,0,1,0,0,1,1,1
555,1,0,0,0,0,0,1,0
556,1,1,1,1,0,0,0,1
557,0,1,0,0,0,0,0,0
558,1,1,1,1,1,0,1,1
559,1,0,1,1,0,1,1,1
560,0,0,0,0,0,1,0,0
561,1,0,0,0,0,1,1,0
562,0,0,0,0,0,0,1,0
563,0,0,0,0,0,1,1,0
564,0,0,1,0,0,1,1,0
565,0,0,0,1,0,1,1,0
566,0,0,0,0,0,1,1,0
567,0,0,1,0,1,1,1,0
568,0,0,0,0,0,1,0,0
569,1,0,0,0,0,1,1,1
570,1,0,0,0,0,0,1,1
571,1,1,1,1,0,0,1,1
572,1,0,0,0,0,0,1,1
573,0,0,1,0,0,1,0,1
574,0,0,0,0,0,1,1,0
575,0,0,0,0,0,1,1,0
576,1,0,1,0,0,0,1,1
577,1,1,1,1,0,0,1,1
578,0,0,1,1,0,1,0,0
579,1,0,0,0,0,1,1,1
580,0,0,1,1,1,0,1,1
581,1,1,1,1,1,0,0,1
582,1,0,0,0,0,0,1,0
583,1,1,0,0,0,0,0,0
584,0,0,0,0,0,1,0,0
585,0,1,1,0,1,0,1,1
586,1,0,0,0,0,0,1,0
587,1,1,0,1,1,0,0,1
588,0,0,0,0,0,1,1,0
589,0,0,0,0,0,1,1,0
590,1,0,0,0,0,1,1,0
591,1,1,1,1,0,0,0,1
592,1,0,0,0,0,1,1,0
593,0,0,1,0,1,1,0,0
594,1,0,0,1,0,0,1,0
595,1,0,0,1,1,1,1,0
596,0,0,1,0,0,0,1,1
597,1,0,0,0,0,1,1,0
598,0,0,0,0,0,1,0,0
599,1,1,0,1,0,0,0,1
600,0,0,1,1,1,0,1,1
601,0,0,0,0,0,1,1,0
602,0,1,0,0,0,0,1,0
603,1,0,0,0,0,1,1,0
604,1,0,0,0,0,0,0,1
605,1,0,0,1,0,1,1,0
606,1,0,0,0,0,1,1,0
607,0,0,0,0,0,0,1,1
608,0,1,1,1,1,0,0,1
609,1,1,1,0,0,0,1,1
610,1,0,1,1,1,1,1,0
611,0,0,0,0,0,1,1,0
612,0,0,1,1,0,1,0,1
613,0,0,0,0,0,1,0,0
614,1,0,0,0,0,1,1,0
615,0,1,1,1,1,0,1,1
616,1,0,0,1,1,1,1,0
617,0,0,1,1,0,1,1,0
618,0,1,1,1,1,0,1,1
619,0,0,0,0,0,0,1,0
620,0,0,0,1,0,1,0,0
621,1,1,0,1,0,0,1,1
622,0,0,0,1,1,1,0,1
623,0,0,0,0,0,1,1,0
624,0,0,0,0,0,1,1,0
625,1,0,0,0,0,0,1,0
626,1,0,0,0,0,0,0,0
627,0,1,1,0,0,0,1,1
628,0,0,0,0,0,1,1,0
629,0,0,0,0,0,1,0,0
630,1,0,0,0,0,0,1,1
631,1,0,0,0,0,1,1,0
632,1,0,0,0,0,0,0,1
633,0,0,0,0,0,0,1,0
634,0,0,1,1,1,1,1,0
635,0,0,1,0,0,0,1,1
636,1,0,0,0,0,1,1,0
637,1,0,0,1,1,0,1,0
638,1,1,1,0,1,1,1,0
639,0,0,0,1,0,1,1,0
640,0,0,0,0,0,1,1,0
641,0,1,1,0,0,0,0,1
642,0,0,1,1,1,1,1,0
643,0,1,0,0,0,1,1,1
644,0,0,1,1,1,1,0,1
645,1,1,0,1,0,0,0,1
646,0,0,0,0,0,1,1,0
647,1,1,0,0,0,0,0,1
648,0,0,0,0,0,1,1,0
649,0,0,1,0,0,1,1,1
650,0,0,0,0,0,1,1,0
651,0,0,1,0,1,0,1,1
652,0,0,0,0,0,1,1,0
653,0,0,1,0,0,1,0,1
654,0,0,1,0,0,1,0,0
655,0,1,0,1,0,0,1,0
656,0,0,0,0,0,1,1,0
657,1,0,1,1,1,1,0,0
658,0,0,0,0,0,0,1,0
659,1,1,0,0,1,0,0,0
660,1,1,0,1,0,0,1,1
661,1,0,0,0,0,1,0,0
662,1,0,0,0,0,0,1,0
663,1,0,0,0,0,1,1,0
664,0,0,0,1,0,1,1,1
665,1,1,0,1,0,0,1,0
666,0,0,0,0,0,0,1,0
667,0,0,0,0,0,1,1,0
668,1,0,0,0,0,1,1,0
669,0,1,1,1,0,0,1,1
670,1,1,1,1,1,0,1,1
671,1,1,0,1,0,0,1,0
672,1,0,0,0,0,0,1,0
673,1,0,0,0,0,0,1,1
674,0,0,0,0,0,0,1,0
675,0,0,0,0,0,1,1,0
676,0,0,0,0,0,1,1,0
677,0,0,1,0,0,1,1,1
678,1,1,1,1,1,1,1,0
679,1,1,0,0,1,0,0,1
680,0,0,1,0,0,1,0,0
681,0,1,0,0,0,0,0,1
682,0,0,0,0,0,1,1,0
683,0,1,0,1,1,1,1,0
684,1,1,0,1,1,0,1,0
685,0,1,0,1,1,0,0,0
686,0,1,0,1,1,1,1,0
687,0,0,0,0,0,1,1,0
688,0,0,0,0,0,1,1,0
689,0,1,1,0,1,0,1,1
690,1,1,0,1,0,0,1,1
691,0,0,1,0,1,1,0,1
692,0,1,0,0,0,1,1,1
693,0,0,0,0,0,1,0,0
694,1,0,0,0,0,0,1,0
695,1,0,0,0,0,0,1,0
696,1,0,0,0,0,1,1,0
697,0,0,1,0,0,1,0,1
698,1,1,0,1,1,0,0,0
699,1,0,0,0,0,1,1,0
700,0,1,1,1,0,0,0,1
701,1,0,0,0,0,0,1,1
702,0,0,1,0,1,1,0,0
703,0,0,0,0,0,1,0,0
704,0,0,0,1,0,1,1,0
705,1,0,0,0,0,0,1,0
706,1,0,1,0,0,0,1,1
707,1,0,0,0,0,0,1,1
708,0,1,1,0,0,0,1,1
709,0,0,0,1,1,1,0,1
710,0,1,1,0,0,0,0,1
711,0,0,0,0,0,0,1,0
712,1,1,0,1,0,0,1,1
713,0,0,0,0,0,1,1,0
714,1,0,0,0,0,0,1,0
715,0,0,0,0,0,1,1,0
716,1,1,1,0,0,0,0,1
717,0,0,1,0,0,0,1,1
718,0,0,0,0,0,1,0,0
719,1,0,0,0,0,1,1,0
720,0,0,1,0,1,0,1,1
721,0,0,0,1,0,1,1,0
722,1,0,0,0,0,0,1,0
723,1,0,0,0,0,0,1,0
724,0,1,0,1,0,0,1,1
725,0,0,0,0,0,1,1,0
726,1,0,1,1,0,0,1,1
727,0,0,1,0,0,1,0,1
728,0,0,0,1,0,0,1,0
729,0,0,1,1,0,1,1,0
730,0,1,1,0,0,0,1,1
731,0,0,0,0,0,1,0,0
732,0,0,0,0,0,0,1,0
733,0,0,0,0,0,0,1,0
734,0,0,0,0,0,0,1,0
735,0,0,0,0,0,1,1,0
736,1,1,1,1,1,1,1,0
737,1,1,0,0,0,0,0,1
738,0,0,0,0,0,1,1,0
739,0,0,0,0,0,1,1,0
740,0,0,0,0,0,0,1,1
741,1,1,0,1,0,0,1,0
742,0,1,1,1,1,0,0,1
743,0,0,0,1,0,1,1,0
744,1,0,0,0,0,1,1,1
745,1,1,0,1,1,0,1,0
746,0,0,0,1,1,1,1,0
747,1,0,1,0,0,0,1,1
748,0,1,0,1,0,0,1,0
749,1,0,0,0,0,1,0,0
750,0,0,1,1,1,0,1,1
751,0,0,0,0,1,1,1,1
752,1,0,0,0,0,1,1,0
753,0,0,0,0,0,1,1,0
754,1,1,1,1,1,0,1,1
755,0,0,0,1,1,0,1,1
756,0,0,0,0,0,1,1,0
757,0,0,0,0,0,0,1,0
758,1,0,0,0,0,1,1,0
759,1,1,1,0,0,0,1,1
760,0,0,0,0,0,1,1,0
761,1,0,0,0,0,1,1,0
762,0,0,0,0,0,1,0,1
763,1,1,1,1,1,0,1,1
764,0,0,0,0,0,1,1,0
765,1,1,1,1,0,0,1,1
766,0,1,0,0,0,0,0,0
767,1,0,1,0,0,1,0,0
768,0,0,0,1,0,1,0,0
769,1,0,0,0,0,1,1,0
770,0,0,0,0,0,1,1,0
771,1,0,0,0,0,1,1,0
772,1,0,1,0,0,0,1,0
773,0,0,0,0,0,1,0,0
774,1,0,1,1,1,0,1,1
775,0,0,0,0,0,1,1,0
776,0,0,0,0,0,1,0,0
777,0,0,1,0,0,1,1,1
778,0,0,0,0,0,1,0,0
779,1,1,1,0,1,0,1,1
780,0,0,1,0,0,1,0,1
781,0,1,1,1,0,0,1,1
782,0,0,0,0,0,0,1,0
783,0,0,0,1,1,1,1,0
784,0,0,0,0,0,1,1,0
785,0,0,0,0,0,1,1,0
786,0,0,1,0,0,1,1,1
787,0,0,0,1,1,1,0,0
788,0,0,0,1,1,1,1,1
789,1,1,0,0,0,0,0,0
790,0,0,0,0,0,1,0,0
791,0,0,0,0,0,0,1,0
792,0,1,1,1,1,1,1,0
793,0,0,0,0,0,0,0,0
794,0,0,0,0,0,1,1,0
795,1,0,0,0,0,0,1,0
796,1,0,1,0,0,0,1,1
797,1,0,1,0,0,1,1,1
798,1,0,0,0,0,1,0,0
799,1,0,1,1,1,1,1,0
800,1,0,0,0,0,0,1,0
801,1,0,1,1,1,0,1,1
802,0,1,0,1,1,0,1,1
803,0,0,0,0,1,1,0,1
804,0,0,0,0,0,1,1,1
805,1,0,0,0,0,1,1,0
806,1,0,0,0,0,0,1,0
807,0,0,1,0,0,1,1,0
808,1,0,0,0,0,0,1,0
809,1,1,1,1,0,0,1,1
810,0,0,0,0,0,1,1,0
811,1,0,0,0,0,1,1,0
812,1,0,0,0,0,0,1,0
813,0,0,1,1,1,1,1,0
814,1,0,0,0,0,1,1,0
815,0,0,0,0,0,0,1,0
816,0,0,1,0,0,1,1,0
817,1,1,0,1,1,0,0,0
818,1,0,0,0,0,1,1,0
819,0,0,0,1,1,1,1,0
820,1,1,1,1,1,0,1,1
821,0,0,0,0,0,1,1,1
822,1,0,0,0,0,0,1,0
823,0,0,1,0,1,1,1,1
824,0,1,0,1,1,1,1,0
825,0,0,0,0,0,1,0,0
826,0,1,0,0,0,1,1,0
827,0,1,0,0,1,0,0,1
828,0,0,0,0,0,1,0,1
829,1,1,1,0,0,0,0,1
830,0,0,1,1,0,1,0,1
831,0,0,0,1,1,0,1,1
832,0,0,0,0,0,1,0,0
833,0,0,0,0,0,1,1,0
834,0,0,0,0,0,1,1,0
835,1,1,1,1,1,0,0,1
836,0,0,0,0,0,1,1,0
837,0,0,0,0,0,1,1,0
838,1,1,0,0,0,1,1,1
839,0,0,0,0,0,0,0,1
840,0,0,0,0,0,1,1,0
841,0,0,0,0,0,0,1,0
842,1,0,1,0,0,0,0,1
843,1,0,0,0,0,1,0,0
844,0,0,0,0,0,1,1,0
845,1,0,0,0,0,1,1,0
846,0,1,0,1,1,1,1,0
847,1,0,0,0,0,1,0,0
848,0,0,0,0,1,0,1,0
849,0,1,1,1,0,0,0,1
850,0,0,0,1,1,1,1,0
851,1,0,0,0,0,1,1,0
852,0,0,1,1,1,1,0,0
853,0,1,1,0,1,0,1,1
854,1,0,1,1,0,0,1,0
855,0,0,1,0,1,1,1,1
856,1,1,1,1,1,0,1,1
857,1,0,0,0,0,0,1,1
858,0,0,1,0,1,1,0,1
859,0,0,0,0,0,1,0,0
860,1,0,0,1,0,1,1,0
861,0,0,0,1,0,0,1,0
862,1,0,1,0,0,0,1,1
863,0,1,1,1,1,1,1,0
864,0,0,0,0,0,0,1,0
865,1,0,1,0,0,0,1,1
866,0,0,1,1,0,0,0,1
867,1,1,0,0,0,0,1,0
868,0,0,0,0,0,1,1,0
869,0,0,0,1,1,1,1,1
870,0,0,0,0,0,1,1,0
871,1,1,1,1,1,0,1,1
872,1,0,0,0,0,0,1,0
873,1,0,0,0,0,1,1,0
874,0,0,1,1,0,0,0,1
875,0,0,1,0,0,1,0,1
876,0,0,0,0,0,1,1,0
877,0,0,0,0,0,1,1,0
878,0,0,0,0,0,1,1,0
879,1,1,1,0,1,0,0,1
880,0,0,1,0,1,0,1,1
881,1,0,0,0,0,1,1,0
882,0,0,1,0,0,1,1,0
883,0,0,0,0,0,0,1,0
884,0,0,0,0,0,1,1,0
885,1,0,1,0,1,1,0,0
886,0,0,0,0,0,0,1,0
887,0,0,1,0,0,0,1,1
888,0,0,1,1,1,1,1,0
889,0,0,0,0,0,0,0,1
890,1,0,0,0,0,1,0,0
891,1,0,0,0,0,1,0,0
892,1,0,1,1,0,1,1,0
893,1,0,0,0,0,0,0,0
894,0,0,0,0,0,1,1,0
895,0,0,1,1,1,1,1,0
896,0,0,0,0,0,1,1,0
897,1,0,1,0,0,1,0,0
898,0,0,0,1,1,0,1,0
899,0,0,1,0,0,1,0,0
900,0,0,0,1,0,1,1,0
901,0,0,0,0,0,1,1,0
902,1,0,0,0,0,0,1,0
903,0,1,1,1,0,0,1,0
904,1,0,0,1,0,0,1,0
905,1,1,1,1,0,0,1,0
906,0,0,1,1,0,0,0,0
907,1,0,0,0,0,0,0,0
908,0,0,0,0,0,1,0,0
909,0,0,1,1,0,1,1,0
910,1,0,1,0,0,1,0,0
911,1,1,0,1,0,0,0,0
912,0,0,0,0,1,1,1,0
913,0,0,1,0,0,0,1,0
914,0,1,0,0,1,0,0,0
915,1,1,1,1,1,0,0,0
916,1,0,0,1,0,1,1,0
917,0,1,1,0,1,0,0,0
918,0,0,0,0,0,1,0,0
919,1,0,0,0,0,0,1,0
920,0,0,0,1,0,1,0,0
921,1,0,0,1,0,0,1,0
922,0,0,0,1,0,0,1,0
923,1,0,1,1,1,1,1,0
924,0,0,1,1,1,1,1,0
925,1,1,0,1,0,0,0,0
926,0,0,0,0,0,1,0,0
927,0,0,1,0,0,1,1,0
928,0,0,1,0,0,1,1,0
929,0,0,0,0,0,1,1,0
930,0,1,0,0,0,1,1,0
931,1,0,0,0,1,1,0,0
932,0,0,0,0,0,0,1,0
933,1,0,0,0,0,1,1,0
934,1,0,1,0,0,0,1,0
935,1,1,1,1,0,0,1,0
936,0,0,0,0,0,1,1,0
937,1,0,0,0,0,0,0,0
938,0,0,0,0,0,1,0,0
939,1,1,1,0,0,0,0,0
940,1,0,1,0,1,1,1,0
941,0,1,0,1,0,0,1,0
942,0,0,0,0,0,0,0,0
943,0,0,1,1,1,0,1,0
944,0,1,1,1,1,0,1,0
945,0,0,0,0,0,0,0,0
946,0,0,0,1,1,1,0,0
947,1,0,0,0,0,1,1,0
948,0,0,0,0,0,1,1,0
949,0,0,0,1,0,1,1,0
950,1,1,1,0,0,0,0,0
951,0,0,0,0,0,1,1,0
952,1,0,0,0,0,0,1,0
953,0,0,0,0,0,1,1,0
954,0,0,1,0,0,1,0,0
955,0,1,0,1,1,0,0,0
956,0,0,1,0,0,0,1,0
957,0,0,1,0,0,1,0,0
958,1,1,0,0,0,0,1,0
959,1,0,0,0,0,0,0,0
960,1,1,1,1,1,0,1,0
961,0,0,1,0,0,1,0,0
962,0,0,0,0,0,1,1,0
963,0,0,1,0,0,1,1,0
964,0,0,0,0,0,0,0,0
965,1,1,1,0,0,0,0,0
966,1,1,0,0,0,0,0,0
967,0,0,0,0,0,1,1,0
968,1,0,1,1,0,0,1,0
969,1,0,0,0,0,0,1,0
970,0,0,1,0,0,1,0,0
971,0,0,0,1,1,1,0,0
972,1,1,0,1,0,0,1,0
973,1,0,0,0,0,0,1,0
974,0,0,0,0,0,1,1,0
975,0,0,0,0,0,0,0,0
976,0,0,0,1,0,1,0,0
977,0,0,1,0,0,1,0,0
978,0,0,1,0,0,1,1,0
979,0,0,1,0,0,1,0,0
980,0,0,0,1,1,0,1,0
981,0,0,1,1,0,1,1,0
982,0,0,0,0,0,1,1,0
983,0,1,1,1,1,0,1,0
984,0,0,0,0,0,1,1,0
985,0,0,0,0,0,0,0,0
986,0,0,0,0,0,1,1,0
987,1,1,1,1,0,0,1,0
988,0,0,0,0,0,1,1,0
989,0,0,1,0,0,1,1,0
990,1,0,0,0,0,1,1,0
991,1,1,1,1,0,0,0,0
992,0,0,0,1,0,0,1,0
993,0,0,0,0,0,1,0,0
994,0,0,0,0,0,1,1,0
995,0,0,1,1,1,1,0,0
996,0,0,0,0,0,1,1,0
997,0,0,0,0,0,1,0,0
998,0,0,0,0,0,1,0,0
999,0,0,0,0,0,1,1,0
1000,0,0,0,0,0,0,1,0
1001,1,0,0,0,0,0,0,0
1002,0,0,1,0,0,1,0,0
1003,1,0,1,0,0,0,0,0
1004,0,0,1,0,0,1,0,0
1005,1,1,1,1,0,0,1,0
1006,0,0,0,1,0,1,0,0
1007,0,0,0,0,0,1,0,0
1008,0,0,1,1,1,1,1,0
1009,1,1,0,0,0,0,0,0
1010,0,0,1,1,0,0,1,0
1011,0,0,1,0,0,0,1,0
1012,0,0,0,1,0,1,0,0
1013,1,1,1,1,0,0,0,0
1014,0,0,0,0,0,1,1,0
1015,0,0,0,0,0,1,0,0
1016,0,0,1,0,1,1,1,0
1017,0,0,0,0,0,1,1,0
1018,0,0,1,1,0,1,0,0
1019,1,0,0,0,0,0,1,0
1020,0,0,0,0,0,1,1,0
1021,1,0,0,0,0,1,1,0
1022,1,0,0,0,0,0,0,0
1023,0,0,1,0,1,1,1,0
1024,0,0,0,1,0,1,0,0
1025,1,0,0,0,0,1,1,0
1026,0,0,0,0,0,1,1,0
1027,0,0,0,0,0,1,0,0
1028,0,0,0,0,0,0,1,0
1029,0,0,1,0,0,1,1,0
1030,1,1,0,1,1,1,1,0
1031,0,1,1,1,1,1,1,0
1032,1,1,1,0,0,0,1,0
1033,1,1,0,1,1,0,0,0
1034,0,0,0,0,0,0,1,0
1035,1,0,0,0,0,0,1,0
1036,1,0,0,1,0,1,1,0
1037,0,1,0,0,0,0,1,0
1038,0,0,0,0,0,1,1,0
1039,0,0,0,0,0,0,1,0
1040,1,0,0,1,1,0,1,0
1041,0,1,1,0,1,0,0,0
1042,0,0,0,0,0,1,0,0
1043,1,0,0,0,0,1,1,0
1044,1,0,1,0,1,1,1,0
1045,0,0,0,1,1,1,1,0
1046,0,0,0,0,0,1,1,0
1047,0,1,1,0,0,0,1,0
1048,0,0,1,0,0,1,1,0
1049,1,0,0,0,0,0,1,0
1050,0,0,1,0,1,1,1,0
1051,0,0,1,0,0,1,0,0
1052,0,0,0,1,1,1,0,0
1053,0,0,1,0,0,0,1,0
1054,0,0,0,0,0,1,1,0
1055,1,0,0,0,0,0,1,0
1056,0,0,1,1,1,1,1,0
1057,1,1,0,0,0,0,0,0
1058,0,1,0,1,1,1,1,0
1059,0,0,1,0,0,0,0,0
1060,0,0,1,0,0,1,1,0
1061,0,0,0,0,0,1,1,0
1062,0,0,0,0,0,1,0,0
1063,0,0,0,1,0,1,1,0
1064,0,0,0,0,0,1,0,0
1065,1,0,0,1,1,1,1,0
1066,0,1,1,0,1,0,1,0
1067,0,1,1,0,0,0,1,0
1068,1,1,0,1,0,0,0,0
1069,1,1,1,0,1,0,1,0
1070,1,1,1,0,1,0,0,0
1071,1,0,0,0,0,0,1,0
1072,1,1,0,1,1,0,0,0
1073,0,1,1,1,0,0,1,0
1074,0,0,0,0,0,1,0,0
1075,0,1,1,1,1,0,0,0
1076,1,0,0,0,0,0,1,0
1077,0,0,1,0,1,0,1,0
1078,0,0,0,1,0,1,1,0
1079,0,1,1,1,1,1,1,0
1080,1,0,0,0,0,0,1,0
1081,1,0,0,1,0,0,1,0
1082,0,0,0,0,0,0,1,0
1083,0,0,0,1,1,1,1,0
1084,1,0,0,0,0,0,0,0
1085,0,0,0,0,1,0,1,0
1086,1,0,0,0,0,1,1,0
1087,0,1,0,0,1,0,0,0
1088,0,0,1,0,0,1,1,0
1089,0,0,0,0,0,0,1,0
1090,0,0,1,0,0,1,1,0
1091,0,0,1,0,0,1,0,0
1092,0,0,0,0,1,1,1,0
1093,1,1,0,1,0,0,0,0
1094,0,0,1,1,1,0,1,0
1095,0,0,0,0,0,0,1,0
1096,0,0,0,0,0,0,0,0
1097,1,0,1,0,0,1,0,0
1098,0,0,0,0,0,0,1,0
1099,1,0,1,0,0,0,0,0
1100,0,0,0,0,0,1,1,0
1101,1,0,0,0,0,1,1,0
1102,0,0,0,0,0,1,1,0
1103,0,1,0,0,0,0,1,0
1104,1,0,1,1,0,0,1,0
1105,1,0,1,1,1,1,1,0
1106,1,1,0,0,0,0,1,0
1107,0,0,1,0,0,1,0,0
1108,1,1,0,1,1,0,1,0
1109,1,1,1,1,1,0,0,0
1110,0,0,0,0,0,1,1,0
1111,1,0,1,1,0,0,0,0
1112,0,0,0,0,0,1,1,0
1113,0,0,1,0,0,0,1,0
1114,0,0,0,0,0,1,1,0
1115,1,0,1,0,0,0,0,0
1116,0,0,1,0,1,1,0,0
1117,0,0,0,0,0,1,1,0
1118,0,0,1,0,0,1,0,0
1119,1,0,0,0,0,1,1,0
1120,1,0,0,0,0,0,1,0
1121,0,1,0,0,0,0,1,0
1122,0,0,1,0,0,0,1,0
1123,0,0,0,1,0,1,1,0
1124,0,0,0,0,0,1,0,0
1125,1,1,0,1,0,0,0,0
1126,0,0,0,0,0,1,1,0
1127,1,1,0,1,0,0,0,0
1128,0,0,0,0,0,1,0,0
1129,0,0,1,1,1,0,1,0
1130,1,1,1,1,0,0,0,0
1131,1,0,1,0,0,0,0,0
1132,1,0,1,0,1,0,1,0
1133,1,1,0,1,1,0,0,0
1134,0,0,0,0,0,1,1,0
1135,0,0,0,1,1,1,1,0
1136,1,1,0,1,0,0,1,0
1137,0,0,1,0,0,0,1,0
1138,1,0,0,1,1,0,1,0
1139,0,0,1,1,0,0,1,0
1140,0,0,1,1,0,1,0,0
1141,0,0,1,1,1,0,1,0
1142,0,0,0,0,0,1,1,0
1143,0,1,0,1,0,0,0,0
1144,0,0,0,0,0,1,1,0
1145,1,0,0,0,0,1,1,0
1146,0,0,0,0,0,1,1,0
1147,0,0,0,0,0,1,0,0
1148,0,0,0,0,0,1,1,0
1149,0,0,1,0,0,0,1,0
1150,0,0,0,0,0,1,1,0
1151,1,0,0,1,0,1,1,0
1152,0,0,0,0,0,1,1,0
1153,0,0,1,0,1,0,1,0
1154,0,0,1,1,1,1,1,0
1155,1,0,0,0,0,0,0,0
1156,0,0,0,0,0,1,1,0
1157,0,0,0,0,0,0,1,0
1158,0,0,0,0,0,1,1,0
1159,0,0,1,0,0,1,1,0
1160,0,0,0,0,0,1,1,0
1161,1,1,0,0,0,0,0,0
1162,0,0,0,0,0,1,0,0
1163,0,1,1,1,0,0,0,0
1164,0,0,1,1,0,1,0,0
1165,0,0,0,0,0,1,0,0
1166,0,0,1,1,0,0,1,0
1167,0,0,0,0,0,0,1,0
1168,1,0,0,1,0,0,1,0
1169,1,0,0,1,0,0,1,0
1170,0,0,0,0,0,0,1,0
1171,0,0,1,0,0,1,1,0
1172,0,0,0,1,1,1,1,0
1173,0,0,1,0,0,1,0,0
1174,0,0,1,1,1,1,0,0
1175,0,0,1,1,1,1,1,0
1176,1,0,0,0,0,1,1,0
1177,0,0,0,0,0,1,1,0
1178,0,1,0,1,0,0,1,0
1179,0,0,0,0,0,1,0,0
1180,0,0,0,0,0,1,1,0
1181,0,1,0,0,0,0,1,0
1182,1,0,1,0,0,1,0,0
1183,0,0,0,0,0,1,0,0
1184,1,1,0,1,1,0,1,0
1185,1,0,0,0,0,1,1,0
1186,0,0,0,0,0,1,1,0
1187,0,1,1,1,1,0,0,0
1188,0,0,0,1,0,1,0,0
1189,1,1,0,0,0,0,1,0
1190,0,0,0,0,0,1,1,0
1191,1,0,0,0,0,1,1,0
1192,0,0,0,0,0,0,0,0
1193,1,0,0,0,1,0,1,0
1194,0,0,0,0,0,1,1,0
1195,0,0,1,0,0,1,0,0
1196,1,0,1,1,1,0,1,0
1197,1,1,0,1,1,0,1,0
1198,0,0,0,0,1,1,1,0
1199,1,1,0,1,1,0,1,0
1200,1,0,1,1,0,1,1,0
1201,0,0,0,0,0,1,1,0
1202,0,0,0,0,0,1,0,0
1203,0,0,0,0,0,1,1,0
1204,1,0,1,0,0,1,0,0
1205,1,1,1,0,0,0,0,0
1206,0,0,1,0,0,1,0,0
1207,1,1,0,1,0,0,0,0
1208,0,0,0,0,0,0,1,0
1209,0,0,0,0,0,1,1,0
1210,0,0,0,1,0,0,1,0
1211,0,0,0,0,0,1,1,0
1212,0,0,0,0,0,1,0,0
1213,0,0,0,0,0,0,1,0
1214,1,0,0,0,0,0,1,0
1215,1,1,1,0,0,0,1,0
1216,0,0,0,0,0,1,1,0
1217,0,1,1,1,1,0,1,0
1218,1,1,0,0,0,0,0,0
1219,0,0,0,1,0,0,1,0
1220,0,0,0,0,0,0,1,0
1221,1,1,1,0,1,0,1,0
1222,1,0,0,0,0,0,0,0
1223,0,0,0,0,0,1,0,0
1224,0,0,1,1,1,1,0,0
1225,0,0,0,0,0,1,1,0
1226,1,0,0,0,0,0,1,0
1227,1,0,0,0,0,0,1,0
1228,1,0,0,0,1,1,0,0
1229,0,0,0,0,0,0,1,0
1230,0,0,0,0,0,1,0,0
1231,0,0,0,0,0,0,1,0
1232,1,0,0,0,0,1,1,0
1233,0,1,0,1,1,1,1,0
1234,1,1,1,0,1,0,0,0
1235,0,0,0,1,1,1,1,0
1236,0,0,1,0,0,1,1,0
1237,0,0,0,0,0,0,1,0
1238,1,0,1,0,0,1,0,0
1239,0,0,0,0,0,0,1,0
1240,1,0,1,0,0,0,1,0
1241,1,1,1,0,1,0,0,0
1242,0,0,0,0,0,0,1,0
1243,0,1,0,0,0,0,1,0
1244,1,1,0,1,1,0,1,0
1245,0,0,1,1,1,1,1,0
1246,1,0,0,0,0,0,1,0
1247,1,1,1,1,0,0,1,0
1248,0,0,0,0,0,1,1,0
1249,0,0,0,0,0,1,0,0
1250,1,0,1,1,0,1,1,0
1251,0,1,0,1,1,1,1,0
1252,0,1,1,1,1,0,0,0
1253,1,0,1,0,0,0,1,0
1254,0,0,0,0,0,1,1,0
1255,0,1,1,1,0,0,0,0
1256,0,1,1,1,1,1,1,0
1257,0,0,0,1,0,1,0,0
1258,0,1,1,0,0,1,1,0
1259,1,1,1,0,1,0,0,0
1260,0,0,0,0,0,0,0,0
1261,0,0,0,1,0,0,1,0
1262,1,1,1,0,0,0,0,0
1263,1,0,0,0,0,0,1,0
1264,1,0,0,0,0,0,1,0
1265,1,1,1,1,1,0,1,0
1266,1,1,1,0,0,0,0,0
1267,0,0,1,1,0,1,1,0
1268,0,0,0,0,0,0,1,0
1269,1,1,0,0,0,0,1,0
1270,0,0,0,1,1,1,1,0
1271,0,0,0,0,0,1,0,0
1272,0,0,0,0,0,1,0,0
1273,0,0,1,0,0,1,1,0
1274,0,0,1,1,0,1,1,0
1275,0,0,0,0,0,0,1,0
1276,0,1,1,1,1,0,1,0
1277,0,0,0,0,0,1,1,0
1278,1,0,0,0,0,0,1,0
1279,0,0,0,0,0,1,0,0
1280,0,0,0,1,1,1,1,0
1281,0,1,0,0,0,0,1,0
1282,1,1,1,0,1,0,1,0
1283,0,0,0,0,1,1,1,0
1284,1,0,0,0,0,0,1,0
1285,0,0,0,1,1,1,1,0
1286,0,1,1,1,0,0,1,0
1287,0,0,0,0,0,1,0,0
1288,1,1,1,1,1,0,0,0
1289,0,0,0,0,0,1,1,0
1290,1,0,0,0,0,1,0,0
1291,1,1,1,0,0,0,1,0
1292,1,0,0,1,0,0,1,0
1293,0,1,1,0,1,0,0,0
1294,0,1,0,0,0,0,1,0
1295,1,0,0,1,0,0,0,0
1296,0,0,0,0,0,0,0,0
1297,0,0,0,1,0,0,1,0
1298,1,1,0,1,1,0,0,0
1299,0,0,1,0,0,1,0,0
1300,0,0,1,1,1,1,1,0
1301,0,0,1,0,0,1,0,0
1302,1,1,1,1,0,0,0,0
1303,0,0,1,0,0,1,1,0
1304,0,0,0,0,0,1,1,0
1305,1,1,1,0,0,0,0,0
1306,1,0,0,0,0,1,1,0
1307,0,0,0,0,0,1,1,0
1308,0,0,0,1,1,1,0,0
