,Age,Fare,Sex,sibsp,Parch,Pclass,Embarked
0,0,0,0,1,0,1,1
1,1,1,1,1,0,0,0
2,0,0,1,0,0,1,1
3,1,1,1,1,0,0,1
4,1,0,0,0,0,1,1
5,0,0,0,0,0,1,0
6,1,1,0,0,0,0,1
7,0,0,0,1,1,1,1
8,0,0,1,0,1,1,1
9,0,0,1,1,0,0,0
10,0,0,1,1,1,1,1
11,1,0,1,0,0,0,1
12,0,0,0,0,0,1,1
13,1,0,0,1,1,1,1
14,0,0,1,0,0,1,1
15,1,0,1,0,0,0,1
16,0,0,0,1,1,1,0
17,0,0,0,0,0,0,1
18,1,0,1,1,0,1,1
19,0,0,1,0,0,1,0
20,1,0,0,0,0,0,1
21,1,0,0,0,0,0,1
22,0,0,1,0,0,1,0
23,0,1,0,0,0,0,1
24,0,0,1,1,1,1,1
25,1,0,1,1,1,1,1
26,0,0,0,0,0,1,0
27,0,1,0,1,1,0,1
28,0,0,1,0,0,1,0
29,0,0,0,0,0,1,1
30,1,0,0,0,0,0,0
31,0,1,1,1,0,0,0
32,0,0,1,0,0,1,0
33,1,0,0,0,0,0,1
34,0,1,0,1,0,0,0
35,1,1,0,1,0,0,1
36,0,0,0,0,0,1,0
37,0,0,0,0,0,1,1
38,0,0,1,1,0,1,1
39,0,0,1,1,0,1,0
40,1,0,1,1,0,1,1
41,0,0,1,1,0,0,1
42,0,0,0,0,0,1,0
43,0,1,1,1,1,0,0
44,0,0,1,0,0,1,0
45,0,0,0,0,0,1,1
46,0,0,0,1,0,1,0
47,0,0,1,0,0,1,0
48,0,0,0,1,0,1,0
49,0,0,1,1,0,1,1
50,0,1,0,1,1,1,1
51,0,0,0,0,0,1,1
52,1,1,1,1,0,0,0
53,0,0,1,1,0,0,1
54,1,1,0,0,1,0,0
55,0,1,0,0,0,0,1
56,0,0,1,0,0,0,1
57,0,0,0,0,0,1,0
58,0,0,1,1,1,0,1
59,0,1,0,1,1,1,1
60,0,0,0,0,0,1,0
61,1,1,1,0,0,0,0
62,1,1,0,1,0,0,1
63,0,0,0,1,1,1,1
64,0,0,0,0,0,0,0
65,0,0,0,1,1,1,0
66,0,0,1,0,0,0,1
67,0,0,0,0,0,1,1
68,0,0,1,1,1,1,1
69,0,0,0,1,0,1,1
70,1,0,0,0,0,0,1
71,0,1,1,1,1,1,1
72,0,1,0,0,0,0,1
73,0,0,0,1,0,1,0
74,1,1,0,0,0,1,1
75,0,0,0,0,0,1,1
76,0,0,0,0,0,1,1
77,0,0,0,0,0,1,1
78,0,0,0,0,1,0,1
79,1,0,1,0,0,1,1
80,0,0,0,0,0,1,1
81,0,0,0,0,0,1,1
82,0,0,1,0,0,1,0
83,0,1,0,0,0,0,1
84,0,0,1,0,0,0,1
85,1,0,1,1,0,1,1
86,0,1,0,1,1,1,1
87,0,0,0,0,0,1,1
88,0,1,1,1,1,0,1
89,0,0,0,0,0,1,1
90,0,0,0,0,0,1,1
91,0,0,0,0,0,1,1
92,1,1,0,1,0,0,1
93,0,0,0,1,1,1,1
94,1,0,0,0,0,1,1
95,0,0,0,0,0,1,1
96,1,1,0,0,0,0,0
97,0,1,0,0,1,0,0
98,1,0,1,0,1,0,1
99,1,0,0,1,0,0,1
100,0,0,1,0,0,1,1
101,0,0,0,0,0,1,1
102,0,1,0,0,1,0,1
103,1,0,0,0,0,1,1
104,1,0,0,1,0,1,1
105,0,0,0,0,0,1,1
106,0,0,1,0,0,1,1
107,0,0,0,0,0,1,1
108,1,0,0,0,0,1,1
109,0,0,1,1,0,1,0
110,1,1,0,0,0,0,1
111,0,0,1,1,0,1,0
112,0,0,0,0,0,1,1
113,0,0,1,1,0,1,1
114,0,0,1,0,0,1,0
115,0,0,0,0,0,1,1
116,1,0,0,0,0,1,0
117,0,0,0,1,0,0,1
118,0,1,0,0,1,0,0
119,0,0,1,1,1,1,1
120,0,1,0,1,0,0,1
121,0,0,0,0,0,1,1
122,1,0,0,1,0,0,0
123,1,0,1,0,0,0,1
124,1,1,0,0,1,0,1
125,0,0,0,1,0,1,0
126,0,0,0,0,0,1,0
127,0,0,0,0,0,1,1
128,0,0,1,1,1,1,0
129,1,0,0,0,0,1,1
130,1,0,0,0,0,1,0
131,0,0,0,0,0,1,1
132,1,0,1,1,0,1,1
133,0,0,1,1,0,0,1
134,0,0,0,0,0,0,1
135,0,0,0,0,0,0,0
136,0,0,1,0,1,0,1
137,1,1,0,1,0,0,1
138,0,0,0,0,0,1,1
139,0,1,0,0,0,0,0
140,0,0,1,0,1,1,0
141,0,0,1,0,0,1,1
142,0,0,1,1,0,1,1
143,0,0,0,0,0,1,0
144,0,0,0,0,0,0,1
145,0,1,0,1,1,0,1
146,0,0,0,0,0,1,1
147,0,1,1,1,1,1,1
148,1,0,0,0,1,0,1
149,1,0,0,0,0,0,1
150,1,0,0,0,0,0,1
151,0,1,1,1,0,0,1
152,1,0,0,0,0,1,1
153,1,0,0,0,1,1,1
154,0,0,0,0,0,1,1
155,1,1,0,0,1,0,0
156,0,0,1,0,0,1,0
157,1,0,0,0,0,1,1
158,0,0,0,0,0,1,1
159,0,1,0,1,1,1,1
160,1,0,0,0,1,1,1
161,1,0,1,0,0,0,1
162,0,0,0,0,0,1,1
163,0,0,0,0,0,1,1
164,0,1,0,1,1,1,1
165,0,0,0,0,1,1,1
166,0,1,1,0,1,0,1
167,1,0,1,1,1,1,1
168,0,0,0,0,0,0,1
169,0,1,0,0,0,1,1
170,1,1,0,0,0,0,1
171,0,0,0,1,1,1,0
172,0,0,1,1,1,1,1
173,0,0,0,0,0,1,1
174,1,0,0,0,0,0,0
175,0,0,0,1,1,1,1
176,0,0,0,1,1,1,1
177,1,0,1,0,0,0,0
178,1,0,0,0,0,0,1
179,1,0,0,0,0,1,1
180,0,1,1,1,1,1,1
181,0,0,0,0,0,0,0
182,0,0,0,1,1,1,1
183,0,1,0,1,1,0,1
184,0,0,1,0,1,1,1
185,0,1,0,0,0,0,1
186,0,0,1,1,0,1,0
187,1,0,0,0,0,0,1
188,1,0,0,1,1,1,0
189,1,0,0,0,0,1,1
190,1,0,1,0,0,0,1
191,0,0,0,0,0,0,1
192,0,0,1,1,0,1,1
193,0,0,0,1,1,0,1
194,1,0,1,0,0,0,0
195,1,1,1,0,0,0,0
196,0,0,0,0,0,1,0
197,1,0,0,0,1,1,1
198,0,0,1,0,0,1,0
199,0,0,1,0,0,0,1
200,0,0,0,0,0,1,1
201,0,1,0,1,1,1,1
202,1,0,0,0,0,1,1
203,1,0,0,0,0,1,0
204,0,0,0,0,0,1,1
205,0,0,1,0,1,1,1
206,1,0,0,1,0,1,1
207,0,0,0,0,0,1,0
208,0,0,1,0,0,1,0
209,1,0,0,0,0,0,0
210,0,0,0,0,0,1,1
211,1,0,1,0,0,0,1
212,0,0,0,0,0,1,1
213,1,0,0,0,0,0,1
214,0,0,0,1,0,1,0
215,1,1,1,1,0,0,0
216,0,0,1,0,0,1,1
217,1,0,0,1,0,0,1
218,1,1,1,0,0,0,0
219,1,0,0,0,0,0,1
220,0,0,0,0,0,1,1
221,0,0,0,0,0,0,1
222,1,0,0,0,0,1,1
223,0,0,0,0,0,1,1
224,1,1,0,1,0,0,1
225,0,0,0,0,0,1,1
226,0,0,0,0,0,0,1
227,0,0,0,0,0,1,1
228,0,0,0,0,0,0,1
229,0,0,1,1,1,1,1
230,1,1,1,1,0,0,1
231,0,0,0,0,0,1,1
232,1,0,0,0,0,0,1
233,0,0,1,1,1,1,1
234,0,0,0,0,0,0,1
235,0,0,1,0,0,1,1
236,1,0,0,1,0,0,1
237,0,0,1,0,1,0,1
238,0,0,0,0,0,0,1
239,1,0,0,0,0,0,1
240,0,0,1,1,0,1,0
241,0,0,1,1,0,1,0
242,0,0,0,0,0,0,1
243,0,0,0,0,0,1,1
244,1,0,0,0,0,1,0
245,1,1,0,1,0,0,0
246,0,0,1,0,0,1,1
247,0,0,1,0,1,0,1
248,1,1,0,1,1,0,1
249,1,0,0,1,0,0,1
250,0,0,0,0,0,1,1
251,0,0,1,1,1,1,1
252,1,0,0,0,0,0,1
253,1,0,0,1,0,1,1
254,1,0,1,0,1,1,1
255,0,0,1,0,1,1,0
256,0,1,1,0,0,0,0
257,1,1,1,0,0,0,1
258,1,1,1,0,0,0,0
259,1,0,1,0,1,0,1
260,0,0,0,0,0,1,0
261,0,0,0,1,1,1,1
262,1,1,0,1,1,0,1
263,1,0,0,0,0,0,1
264,0,0,1,0,0,1,0
265,1,0,0,0,0,0,1
266,0,1,0,1,1,1,1
267,0,0,0,1,0,1,1
268,1,1,1,0,1,0,1
269,1,1,1,0,0,0,1
270,0,0,0,0,0,0,1
271,0,0,0,0,0,1,1
272,1,0,1,0,1,0,1
273,1,0,0,0,1,0,0
274,0,0,1,0,0,1,0
275,1,1,1,1,0,0,1
276,1,0,1,0,0,1,1
277,0,0,0,0,0,0,1
278,0,0,0,1,1,1,0
279,1,0,1,1,1,1,1
280,1,0,0,0,0,1,0
281,0,0,0,0,0,1,1
282,0,0,0,0,0,1,1
283,0,0,0,0,0,1,1
284,0,0,0,0,0,0,1
285,1,0,0,0,0,1,0
286,1,0,0,0,0,1,1
287,0,0,0,0,0,1,1
288,1,0,0,0,0,0,1
289,0,0,1,0,0,1,0
290,0,1,1,0,0,0,1
291,0,1,1,1,0,0,0
292,1,0,0,0,0,0,0
293,0,0,1,0,0,1,1
294,0,0,0,0,0,1,1
295,0,0,0,0,0,0,0
296,0,0,0,0,0,1,0
297,0,1,1,1,1,0,1
298,0,0,0,0,0,0,1
299,1,1,1,0,1,0,0
300,0,0,1,0,0,1,0
301,0,0,0,1,0,1,0
302,0,0,0,0,0,1,1
303,0,0,1,0,0,0,0
304,0,0,0,0,0,1,1
305,0,1,0,1,1,0,1
306,0,1,1,0,0,0,0
307,0,1,1,1,0,0,0
308,1,0,0,1,0,0,0
309,1,1,1,0,0,0,0
310,0,1,1,0,0,0,0
311,0,1,1,1,1,0,0
312,0,0,1,1,1,0,1
313,0,0,0,0,0,1,1
314,1,0,0,1,1,0,1
315,0,0,1,0,0,1,1
316,0,0,1,1,0,0,1
317,1,0,0,0,0,0,1
318,1,1,1,0,1,0,1
319,1,1,1,1,1,0,0
320,0,0,0,0,0,1,1
321,0,0,0,0,0,1,1
322,1,0,1,0,0,0,0
323,0,0,1,1,1,0,1
324,0,1,0,1,1,1,1
325,1,1,1,0,0,0,0
326,1,0,0,0,0,1,1
327,1,0,1,0,0,0,1
328,1,0,1,1,1,1,1
329,0,1,1,0,1,0,0
330,0,0,1,1,0,1,0
331,1,0,0,0,0,0,1
332,1,1,0,0,1,0,1
333,0,0,0,1,0,1,1
334,0,1,1,1,0,0,1
335,0,0,0,0,0,1,1
336,0,1,0,1,0,0,1
337,1,1,1,0,0,0,0
338,1,0,0,0,0,1,1
339,1,1,0,0,0,0,1
340,0,0,0,1,1,0,1
341,0,1,1,1,1,0,1
342,0,0,0,0,0,0,1
343,0,0,0,0,0,0,1
344,1,0,0,0,0,0,1
345,0,0,1,0,0,0,1
346,1,0,1,0,0,0,1
347,0,0,1,1,0,1,1
348,0,0,0,1,1,1,1
349,1,0,0,0,0,1,1
350,0,0,0,0,0,1,1
351,0,1,0,0,0,0,1
352,0,0,0,1,1,1,0
353,0,0,0,1,0,1,1
354,0,0,0,0,0,1,0
355,0,0,0,0,0,1,1
356,0,1,1,0,1,0,1
357,1,0,1,0,0,0,1
358,0,0,1,0,0,1,0
359,0,0,1,0,0,1,0
360,1,0,0,1,1,1,1
361,0,0,0,1,0,0,0
362,1,0,1,0,1,1,0
363,1,0,0,0,0,1,1
364,0,0,0,1,0,1,0
365,1,0,0,0,0,1,1
366,1,1,1,1,0,0,0
367,0,0,1,0,0,1,0
368,0,0,1,0,0,1,0
369,0,1,1,0,0,0,0
370,0,1,0,1,0,0,0
371,0,0,0,1,0,1,1
372,0,0,0,0,0,1,1
373,0,1,0,0,0,0,0
374,0,0,1,1,1,1,1
375,0,1,1,1,0,0,0
376,0,0,1,0,0,1,1
377,0,1,0,0,1,0,0
378,0,0,0,0,0,1,0
379,0,0,0,0,0,1,1
380,1,1,1,0,0,0,0
381,0,0,1,0,1,1,0
382,1,0,0,0,0,1,1
383,1,1,1,1,0,0,1
384,0,0,0,0,0,1,1
385,0,1,0,0,0,0,1
386,0,1,0,1,1,1,1
387,1,0,1,0,0,0,1
388,0,0,0,0,0,1,0
389,0,0,1,0,0,0,0
390,1,1,0,1,1,0,1
391,0,0,0,0,0,1,1
392,0,0,0,1,0,1,1
393,0,1,1,1,0,0,0
394,0,0,1,0,1,1,1
395,0,0,0,0,0,1,1
396,1,0,1,0,0,1,1
397,1,0,0,0,0,0,1
398,0,0,0,0,0,0,1
399,0,0,1,0,0,0,1
400,1,0,0,0,0,1,1
401,0,0,0,0,0,1,1
402,0,0,1,1,0,1,1
403,0,0,0,1,0,1,1
404,0,0,1,0,0,1,1
405,1,0,0,1,0,0,1
406,1,0,0,0,0,1,1
407,0,0,0,1,1,0,1
408,0,0,0,0,0,1,1
409,0,0,1,1,1,1,1
410,0,0,0,0,0,1,1
411,0,0,0,0,0,1,0
412,1,1,1,1,0,0,0
413,0,0,0,0,0,0,1
414,1,0,0,0,0,1,1
415,0,0,1,0,0,1,1
416,1,0,1,1,1,0,1
417,0,0,1,0,1,0,1
418,1,0,0,0,0,0,1
419,0,0,1,0,1,1,1
420,0,0,0,0,0,1,0
421,0,0,0,0,0,1,0
422,0,0,0,0,0,1,1
423,0,0,1,1,1,1,1
424,0,0,0,1,1,1,1
425,0,0,0,0,0,1,1
426,0,0,1,1,0,0,1
427,0,0,1,0,0,0,1
428,0,0,0,0,0,1,0
429,1,0,0,0,0,1,1
430,0,0,0,0,0,0,1
431,0,0,1,1,0,1,1
432,1,0,1,1,0,0,1
433,0,0,0,0,0,1,1
434,1,1,0,1,0,0,1
435,0,1,1,1,1,0,1
436,0,1,1,1,1,1,1
437,0,0,1,1,1,0,1
438,1,1,0,1,1,0,1
439,1,0,0,0,0,0,1
440,1,0,1,1,1,0,1
441,0,0,0,0,0,1,1
442,0,0,0,1,0,1,1
443,0,0,1,0,0,0,1
444,0,0,0,0,0,1,1
445,0,1,0,0,1,0,1
446,0,0,1,0,1,0,1
447,1,0,0,0,0,0,1
448,0,0,1,1,1,1,0
449,1,0,0,0,0,0,1
450,1,0,0,1,1,0,1
451,0,0,0,1,0,1,1
452,1,0,0,0,0,0,0
453,1,1,0,1,0,0,0
454,0,0,0,0,0,1,1
455,0,0,0,0,0,1,0
456,1,0,0,0,0,0,1
457,0,1,1,1,0,0,1
458,1,0,1,0,0,0,1
459,0,0,0,0,0,1,0
460,1,0,0,0,0,0,1
461,1,0,0,0,0,1,1
462,1,1,0,0,0,0,1
463,1,0,0,0,0,0,1
464,0,0,0,0,0,1,1
465,1,0,0,0,0,1,1
466,0,0,0,0,0,0,1
467,1,0,0,0,0,0,1
468,0,0,0,0,0,1,0
469,0,0,1,1,1,1,0
470,0,0,0,0,0,1,1
471,1,0,0,0,0,1,1
472,1,0,1,1,1,0,1
473,0,0,1,0,0,0,0
474,0,0,1,0,0,1,1
475,0,1,0,0,0,0,1
476,1,0,0,1,0,0,1
477,0,0,0,1,0,1,1
478,0,0,0,0,0,1,1
479,0,0,1,0,1,1,1
480,0,1,0,1,1,1,1
481,0,0,0,0,0,0,1
482,1,0,0,0,0,1,1
483,1,0,1,0,0,1,1
484,0,1,0,1,0,0,0
485,0,0,1,1,1,1,1
486,1,1,1,1,0,0,1
487,1,0,0,0,0,0,0
488,1,0,0,0,0,1,1
489,0,0,0,1,1,1,1
490,0,0,0,1,0,1,1
491,0,0,0,0,0,1,1
492,1,0,0,0,0,0,1
493,1,1,0,0,0,0,0
494,0,0,0,0,0,1,1
495,0,0,0,0,0,1,0
496,1,1,1,1,0,0,0
497,0,0,0,0,0,1,1
498,0,1,1,1,1,0,1
499,0,0,0,0,0,1,1
500,0,0,0,0,0,1,1
501,0,0,1,0,0,1,0
502,0,0,1,0,0,1,0
503,1,0,1,0,0,1,1
504,0,1,1,0,0,0,1
505,0,1,0,1,0,0,0
506,1,0,1,0,1,0,1
507,0,0,0,0,0,0,1
508,0,0,0,0,0,1,1
509,0,1,0,0,0,1,1
510,0,0,0,0,0,1,0
511,0,0,0,0,0,1,1
512,1,0,0,0,0,0,1
513,1,1,1,1,0,0,0
514,0,0,0,0,0,1,1
515,1,1,0,0,0,0,1
516,1,0,1,0,0,0,1
517,0,0,0,0,0,1,0
518,1,0,1,1,0,0,1
519,1,0,0,0,0,1,1
520,1,1,1,0,0,0,1
521,0,0,0,0,0,1,1
522,0,0,0,0,0,1,0
523,1,1,1,0,1,0,0
524,0,0,0,0,0,1,0
525,1,0,0,0,0,1,0
526,1,0,1,0,0,0,1
527,0,1,0,0,0,0,1
528,1,0,0,0,0,1,1
529,0,0,0,1,1,0,1
530,0,0,1,1,1,0,1
531,0,0,0,0,0,1,0
532,0,0,0,1,1,1,0
533,0,0,1,0,1,1,0
534,1,0,1,0,0,1,1
535,0,0,1,0,1,0,1
536,1,0,0,0,0,0,1
537,1,1,1,0,0,0,0
538,0,0,0,0,0,1,1
539,0,1,1,0,1,0,0
540,1,1,1,0,1,0,1
541,0,0,1,1,1,1,1
542,0,0,1,1,1,1,1
543,1,0,0,1,0,0,1
544,1,1,0,1,0,0,0
545,1,0,0,0,0,0,1
546,0,0,1,1,0,0,1
547,0,0,0,0,0,0,0
548,1,0,0,1,1,1,1
549,0,1,0,1,1,0,1
550,0,1,0,0,1,0,0
551,0,0,0,0,0,0,1
552,0,0,0,0,0,1,0
553,0,0,0,0,0,1,0
554,0,0,1,0,0,1,1
555,1,0,0,0,0,0,1
556,1,1,1,1,0,0,0
557,0,1,0,0,0,0,0
558,1,1,1,1,1,0,1
559,1,0,1,1,0,1,1
560,0,0,0,0,0,1,0
561,1,0,0,0,0,1,1
562,0,0,0,0,0,0,1
563,0,0,0,0,0,1,1
564,0,0,1,0,0,1,1
565,0,0,0,1,0,1,1
566,0,0,0,0,0,1,1
567,0,0,1,0,1,1,1
568,0,0,0,0,0,1,0
569,1,0,0,0,0,1,1
570,1,0,0,0,0,0,1
571,1,1,1,1,0,0,1
572,1,0,0,0,0,0,1
573,0,0,1,0,0,1,0
574,0,0,0,0,0,1,1
575,0,0,0,0,0,1,1
576,1,0,1,0,0,0,1
577,1,1,1,1,0,0,1
578,0,0,1,1,0,1,0
579,1,0,0,0,0,1,1
580,0,0,1,1,1,0,1
581,1,1,1,1,1,0,0
582,1,0,0,0,0,0,1
583,1,1,0,0,0,0,0
584,0,0,0,0,0,1,0
585,0,1,1,0,1,0,1
586,1,0,0,0,0,0,1
587,1,1,0,1,1,0,0
588,0,0,0,0,0,1,1
589,0,0,0,0,0,1,1
590,1,0,0,0,0,1,1
591,1,1,1,1,0,0,0
592,1,0,0,0,0,1,1
593,0,0,1,0,1,1,0
594,1,0,0,1,0,0,1
595,1,0,0,1,1,1,1
596,0,0,1,0,0,0,1
597,1,0,0,0,0,1,1
598,0,0,0,0,0,1,0
599,1,1,0,1,0,0,0
600,0,0,1,1,1,0,1
601,0,0,0,0,0,1,1
602,0,1,0,0,0,0,1
603,1,0,0,0,0,1,1
604,1,0,0,0,0,0,0
605,1,0,0,1,0,1,1
606,1,0,0,0,0,1,1
607,0,0,0,0,0,0,1
608,0,1,1,1,1,0,0
609,1,1,1,0,0,0,1
610,1,0,1,1,1,1,1
611,0,0,0,0,0,1,1
612,0,0,1,1,0,1,0
613,0,0,0,0,0,1,0
614,1,0,0,0,0,1,1
615,0,1,1,1,1,0,1
616,1,0,0,1,1,1,1
617,0,0,1,1,0,1,1
618,0,1,1,1,1,0,1
619,0,0,0,0,0,0,1
620,0,0,0,1,0,1,0
621,1,1,0,1,0,0,1
622,0,0,0,1,1,1,0
623,0,0,0,0,0,1,1
624,0,0,0,0,0,1,1
625,1,0,0,0,0,0,1
626,1,0,0,0,0,0,0
627,0,1,1,0,0,0,1
628,0,0,0,0,0,1,1
629,0,0,0,0,0,1,0
630,1,0,0,0,0,0,1
631,1,0,0,0,0,1,1
632,1,0,0,0,0,0,0
633,0,0,0,0,0,0,1
634,0,0,1,1,1,1,1
635,0,0,1,0,0,0,1
636,1,0,0,0,0,1,1
637,1,0,0,1,1,0,1
638,1,1,1,0,1,1,1
639,0,0,0,1,0,1,1
640,0,0,0,0,0,1,1
641,0,1,1,0,0,0,0
642,0,0,1,1,1,1,1
643,0,1,0,0,0,1,1
644,0,0,1,1,1,1,0
645,1,1,0,1,0,0,0
646,0,0,0,0,0,1,1
647,1,1,0,0,0,0,0
648,0,0,0,0,0,1,1
649,0,0,1,0,0,1,1
650,0,0,0,0,0,1,1
651,0,0,1,0,1,0,1
652,0,0,0,0,0,1,1
653,0,0,1,0,0,1,0
654,0,0,1,0,0,1,0
655,0,1,0,1,0,0,1
656,0,0,0,0,0,1,1
657,1,0,1,1,1,1,0
658,0,0,0,0,0,0,1
659,1,1,0,0,1,0,0
660,1,1,0,1,0,0,1
661,1,0,0,0,0,1,0
662,1,0,0,0,0,0,1
663,1,0,0,0,0,1,1
664,0,0,0,1,0,1,1
665,1,1,0,1,0,0,1
666,0,0,0,0,0,0,1
667,0,0,0,0,0,1,1
668,1,0,0,0,0,1,1
669,0,1,1,1,0,0,1
670,1,1,1,1,1,0,1
671,1,1,0,1,0,0,1
672,1,0,0,0,0,0,1
673,1,0,0,0,0,0,1
674,0,0,0,0,0,0,1
675,0,0,0,0,0,1,1
676,0,0,0,0,0,1,1
677,0,0,1,0,0,1,1
678,1,1,1,1,1,1,1
679,1,1,0,0,1,0,0
680,0,0,1,0,0,1,0
681,0,1,0,0,0,0,0
682,0,0,0,0,0,1,1
683,0,1,0,1,1,1,1
684,1,1,0,1,1,0,1
685,0,1,0,1,1,0,0
686,0,1,0,1,1,1,1
687,0,0,0,0,0,1,1
688,0,0,0,0,0,1,1
689,0,1,1,0,1,0,1
690,1,1,0,1,0,0,1
691,0,0,1,0,1,1,0
692,0,1,0,0,0,1,1
693,0,0,0,0,0,1,0
694,1,0,0,0,0,0,1
695,1,0,0,0,0,0,1
696,1,0,0,0,0,1,1
697,0,0,1,0,0,1,0
698,1,1,0,1,1,0,0
699,1,0,0,0,0,1,1
700,0,1,1,1,0,0,0
701,1,0,0,0,0,0,1
702,0,0,1,0,1,1,0
703,0,0,0,0,0,1,0
704,0,0,0,1,0,1,1
705,1,0,0,0,0,0,1
706,1,0,1,0,0,0,1
707,1,0,0,0,0,0,1
708,0,1,1,0,0,0,1
709,0,0,0,1,1,1,0
710,0,1,1,0,0,0,0
711,0,0,0,0,0,0,1
712,1,1,0,1,0,0,1
713,0,0,0,0,0,1,1
714,1,0,0,0,0,0,1
715,0,0,0,0,0,1,1
716,1,1,1,0,0,0,0
717,0,0,1,0,0,0,1
718,0,0,0,0,0,1,0
719,1,0,0,0,0,1,1
720,0,0,1,0,1,0,1
721,0,0,0,1,0,1,1
722,1,0,0,0,0,0,1
723,1,0,0,0,0,0,1
724,0,1,0,1,0,0,1
725,0,0,0,0,0,1,1
726,1,0,1,1,0,0,1
727,0,0,1,0,0,1,0
728,0,0,0,1,0,0,1
729,0,0,1,1,0,1,1
730,0,1,1,0,0,0,1
731,0,0,0,0,0,1,0
732,0,0,0,0,0,0,1
733,0,0,0,0,0,0,1
734,0,0,0,0,0,0,1
735,0,0,0,0,0,1,1
736,1,1,1,1,1,1,1
737,1,1,0,0,0,0,0
738,0,0,0,0,0,1,1
739,0,0,0,0,0,1,1
740,0,0,0,0,0,0,1
741,1,1,0,1,0,0,1
742,0,1,1,1,1,0,0
743,0,0,0,1,0,1,1
744,1,0,0,0,0,1,1
745,1,1,0,1,1,0,1
746,0,0,0,1,1,1,1
747,1,0,1,0,0,0,1
748,0,1,0,1,0,0,1
749,1,0,0,0,0,1,0
750,0,0,1,1,1,0,1
751,0,0,0,0,1,1,1
752,1,0,0,0,0,1,1
753,0,0,0,0,0,1,1
754,1,1,1,1,1,0,1
755,0,0,0,1,1,0,1
756,0,0,0,0,0,1,1
757,0,0,0,0,0,0,1
758,1,0,0,0,0,1,1
759,1,1,1,0,0,0,1
760,0,0,0,0,0,1,1
761,1,0,0,0,0,1,1
762,0,0,0,0,0,1,0
763,1,1,1,1,1,0,1
764,0,0,0,0,0,1,1
765,1,1,1,1,0,0,1
766,0,1,0,0,0,0,0
767,1,0,1,0,0,1,0
768,0,0,0,1,0,1,0
769,1,0,0,0,0,1,1
770,0,0,0,0,0,1,1
771,1,0,0,0,0,1,1
772,1,0,1,0,0,0,1
773,0,0,0,0,0,1,0
774,1,0,1,1,1,0,1
775,0,0,0,0,0,1,1
776,0,0,0,0,0,1,0
777,0,0,1,0,0,1,1
778,0,0,0,0,0,1,0
779,1,1,1,0,1,0,1
780,0,0,1,0,0,1,0
781,0,1,1,1,0,0,1
782,0,0,0,0,0,0,1
783,0,0,0,1,1,1,1
784,0,0,0,0,0,1,1
785,0,0,0,0,0,1,1
786,0,0,1,0,0,1,1
787,0,0,0,1,1,1,0
788,0,0,0,1,1,1,1
789,1,1,0,0,0,0,0
790,0,0,0,0,0,1,0
791,0,0,0,0,0,0,1
792,0,1,1,1,1,1,1
793,0,0,0,0,0,0,0
794,0,0,0,0,0,1,1
795,1,0,0,0,0,0,1
796,1,0,1,0,0,0,1
797,1,0,1,0,0,1,1
798,1,0,0,0,0,1,0
799,1,0,1,1,1,1,1
800,1,0,0,0,0,0,1
801,1,0,1,1,1,0,1
802,0,1,0,1,1,0,1
803,0,0,0,0,1,1,0
804,0,0,0,0,0,1,1
805,1,0,0,0,0,1,1
806,1,0,0,0,0,0,1
807,0,0,1,0,0,1,1
808,1,0,0,0,0,0,1
809,1,1,1,1,0,0,1
810,0,0,0,0,0,1,1
811,1,0,0,0,0,1,1
812,1,0,0,0,0,0,1
813,0,0,1,1,1,1,1
814,1,0,0,0,0,1,1
815,0,0,0,0,0,0,1
816,0,0,1,0,0,1,1
817,1,1,0,1,1,0,0
818,1,0,0,0,0,1,1
819,0,0,0,1,1,1,1
820,1,1,1,1,1,0,1
821,0,0,0,0,0,1,1
822,1,0,0,0,0,0,1
823,0,0,1,0,1,1,1
824,0,1,0,1,1,1,1
825,0,0,0,0,0,1,0
826,0,1,0,0,0,1,1
827,0,1,0,0,1,0,0
828,0,0,0,0,0,1,0
829,1,1,1,0,0,0,0
830,0,0,1,1,0,1,0
831,0,0,0,1,1,0,1
832,0,0,0,0,0,1,0
833,0,0,0,0,0,1,1
834,0,0,0,0,0,1,1
835,1,1,1,1,1,0,0
836,0,0,0,0,0,1,1
837,0,0,0,0,0,1,1
838,1,1,0,0,0,1,1
839,0,0,0,0,0,0,0
840,0,0,0,0,0,1,1
841,0,0,0,0,0,0,1
842,1,0,1,0,0,0,0
843,1,0,0,0,0,1,0
844,0,0,0,0,0,1,1
845,1,0,0,0,0,1,1
846,0,1,0,1,1,1,1
847,1,0,0,0,0,1,0
848,0,0,0,0,1,0,1
849,0,1,1,1,0,0,0
850,0,0,0,1,1,1,1
851,1,0,0,0,0,1,1
852,0,0,1,1,1,1,0
853,0,1,1,0,1,0,1
854,1,0,1,1,0,0,1
855,0,0,1,0,1,1,1
856,1,1,1,1,1,0,1
857,1,0,0,0,0,0,1
858,0,0,1,0,1,1,0
859,0,0,0,0,0,1,0
860,1,0,0,1,0,1,1
861,0,0,0,1,0,0,1
862,1,0,1,0,0,0,1
863,0,1,1,1,1,1,1
864,0,0,0,0,0,0,1
865,1,0,1,0,0,0,1
866,0,0,1,1,0,0,0
867,1,1,0,0,0,0,1
868,0,0,0,0,0,1,1
869,0,0,0,1,1,1,1
870,0,0,0,0,0,1,1
871,1,1,1,1,1,0,1
872,1,0,0,0,0,0,1
873,1,0,0,0,0,1,1
874,0,0,1,1,0,0,0
875,0,0,1,0,0,1,0
876,0,0,0,0,0,1,1
877,0,0,0,0,0,1,1
878,0,0,0,0,0,1,1
879,1,1,1,0,1,0,0
880,0,0,1,0,1,0,1
881,1,0,0,0,0,1,1
882,0,0,1,0,0,1,1
883,0,0,0,0,0,0,1
884,0,0,0,0,0,1,1
885,1,0,1,0,1,1,0
886,0,0,0,0,0,0,1
887,0,0,1,0,0,0,1
888,0,0,1,1,1,1,1
889,0,0,0,0,0,0,0
890,1,0,0,0,0,1,0
891,1,0,0,0,0,1,0
892,1,0,1,1,0,1,1
893,1,0,0,0,0,0,0
894,0,0,0,0,0,1,1
895,0,0,1,1,1,1,1
896,0,0,0,0,0,1,1
897,1,0,1,0,0,1,0
898,0,0,0,1,1,0,1
899,0,0,1,0,0,1,0
900,0,0,0,1,0,1,1
901,0,0,0,0,0,1,1
902,1,0,0,0,0,0,1
903,0,1,1,1,0,0,1
904,1,0,0,1,0,0,1
905,1,1,1,1,0,0,1
906,0,0,1,1,0,0,0
907,1,0,0,0,0,0,0
908,0,0,0,0,0,1,0
909,0,0,1,1,0,1,1
910,1,0,1,0,0,1,0
911,1,1,0,1,0,0,0
912,0,0,0,0,1,1,1
913,0,0,1,0,0,0,1
914,0,1,0,0,1,0,0
915,1,1,1,1,1,0,0
916,1,0,0,1,0,1,1
917,0,1,1,0,1,0,0
918,0,0,0,0,0,1,0
919,1,0,0,0,0,0,1
920,0,0,0,1,0,1,0
921,1,0,0,1,0,0,1
922,0,0,0,1,0,0,1
923,1,0,1,1,1,1,1
924,0,0,1,1,1,1,1
925,1,1,0,1,0,0,0
926,0,0,0,0,0,1,0
927,0,0,1,0,0,1,1
928,0,0,1,0,0,1,1
929,0,0,0,0,0,1,1
930,0,1,0,0,0,1,1
931,1,0,0,0,1,1,0
932,0,0,0,0,0,0,1
933,1,0,0,0,0,1,1
934,1,0,1,0,0,0,1
935,1,1,1,1,0,0,1
936,0,0,0,0,0,1,1
937,1,0,0,0,0,0,0
938,0,0,0,0,0,1,0
939,1,1,1,0,0,0,0
940,1,0,1,0,1,1,1
941,0,1,0,1,0,0,1
942,0,0,0,0,0,0,0
943,0,0,1,1,1,0,1
944,0,1,1,1,1,0,1
945,0,0,0,0,0,0,0
946,0,0,0,1,1,1,0
947,1,0,0,0,0,1,1
948,0,0,0,0,0,1,1
949,0,0,0,1,0,1,1
950,1,1,1,0,0,0,0
951,0,0,0,0,0,1,1
952,1,0,0,0,0,0,1
953,0,0,0,0,0,1,1
954,0,0,1,0,0,1,0
955,0,1,0,1,1,0,0
956,0,0,1,0,0,0,1
957,0,0,1,0,0,1,0
958,1,1,0,0,0,0,1
959,1,0,0,0,0,0,0
960,1,1,1,1,1,0,1
961,0,0,1,0,0,1,0
962,0,0,0,0,0,1,1
963,0,0,1,0,0,1,1
964,0,0,0,0,0,0,0
965,1,1,1,0,0,0,0
966,1,1,0,0,0,0,0
967,0,0,0,0,0,1,1
968,1,0,1,1,0,0,1
969,1,0,0,0,0,0,1
970,0,0,1,0,0,1,0
971,0,0,0,1,1,1,0
972,1,1,0,1,0,0,1
973,1,0,0,0,0,0,1
974,0,0,0,0,0,1,1
975,0,0,0,0,0,0,0
976,0,0,0,1,0,1,0
977,0,0,1,0,0,1,0
978,0,0,1,0,0,1,1
979,0,0,1,0,0,1,0
980,0,0,0,1,1,0,1
981,0,0,1,1,0,1,1
982,0,0,0,0,0,1,1
983,0,1,1,1,1,0,1
984,0,0,0,0,0,1,1
985,0,0,0,0,0,0,0
986,0,0,0,0,0,1,1
987,1,1,1,1,0,0,1
988,0,0,0,0,0,1,1
989,0,0,1,0,0,1,1
990,1,0,0,0,0,1,1
991,1,1,1,1,0,0,0
992,0,0,0,1,0,0,1
993,0,0,0,0,0,1,0
994,0,0,0,0,0,1,1
995,0,0,1,1,1,1,0
996,0,0,0,0,0,1,1
997,0,0,0,0,0,1,0
998,0,0,0,0,0,1,0
999,0,0,0,0,0,1,1
1000,0,0,0,0,0,0,1
1001,1,0,0,0,0,0,0
1002,0,0,1,0,0,1,0
1003,1,0,1,0,0,0,0
1004,0,0,1,0,0,1,0
1005,1,1,1,1,0,0,1
1006,0,0,0,1,0,1,0
1007,0,0,0,0,0,1,0
1008,0,0,1,1,1,1,1
1009,1,1,0,0,0,0,0
1010,0,0,1,1,0,0,1
1011,0,0,1,0,0,0,1
1012,0,0,0,1,0,1,0
1013,1,1,1,1,0,0,0
1014,0,0,0,0,0,1,1
1015,0,0,0,0,0,1,0
1016,0,0,1,0,1,1,1
1017,0,0,0,0,0,1,1
1018,0,0,1,1,0,1,0
1019,1,0,0,0,0,0,1
1020,0,0,0,0,0,1,1
1021,1,0,0,0,0,1,1
1022,1,0,0,0,0,0,0
1023,0,0,1,0,1,1,1
1024,0,0,0,1,0,1,0
1025,1,0,0,0,0,1,1
1026,0,0,0,0,0,1,1
1027,0,0,0,0,0,1,0
1028,0,0,0,0,0,0,1
1029,0,0,1,0,0,1,1
1030,1,1,0,1,1,1,1
1031,0,1,1,1,1,1,1
1032,1,1,1,0,0,0,1
1033,1,1,0,1,1,0,0
1034,0,0,0,0,0,0,1
1035,1,0,0,0,0,0,1
1036,1,0,0,1,0,1,1
1037,0,1,0,0,0,0,1
1038,0,0,0,0,0,1,1
1039,0,0,0,0,0,0,1
1040,1,0,0,1,1,0,1
1041,0,1,1,0,1,0,0
1042,0,0,0,0,0,1,0
1043,1,0,0,0,0,1,1
1044,1,0,1,0,1,1,1
1045,0,0,0,1,1,1,1
1046,0,0,0,0,0,1,1
1047,0,1,1,0,0,0,1
1048,0,0,1,0,0,1,1
1049,1,0,0,0,0,0,1
1050,0,0,1,0,1,1,1
1051,0,0,1,0,0,1,0
1052,0,0,0,1,1,1,0
1053,0,0,1,0,0,0,1
1054,0,0,0,0,0,1,1
1055,1,0,0,0,0,0,1
1056,0,0,1,1,1,1,1
1057,1,1,0,0,0,0,0
1058,0,1,0,1,1,1,1
1059,0,0,1,0,0,0,0
1060,0,0,1,0,0,1,1
1061,0,0,0,0,0,1,1
1062,0,0,0,0,0,1,0
1063,0,0,0,1,0,1,1
1064,0,0,0,0,0,1,0
1065,1,0,0,1,1,1,1
1066,0,1,1,0,1,0,1
1067,0,1,1,0,0,0,1
1068,1,1,0,1,0,0,0
1069,1,1,1,0,1,0,1
1070,1,1,1,0,1,0,0
1071,1,0,0,0,0,0,1
1072,1,1,0,1,1,0,0
1073,0,1,1,1,0,0,1
1074,0,0,0,0,0,1,0
1075,0,1,1,1,1,0,0
1076,1,0,0,0,0,0,1
1077,0,0,1,0,1,0,1
1078,0,0,0,1,0,1,1
1079,0,1,1,1,1,1,1
1080,1,0,0,0,0,0,1
1081,1,0,0,1,0,0,1
1082,0,0,0,0,0,0,1
1083,0,0,0,1,1,1,1
1084,1,0,0,0,0,0,0
1085,0,0,0,0,1,0,1
1086,1,0,0,0,0,1,1
1087,0,1,0,0,1,0,0
1088,0,0,1,0,0,1,1
1089,0,0,0,0,0,0,1
1090,0,0,1,0,0,1,1
1091,0,0,1,0,0,1,0
1092,0,0,0,0,1,1,1
1093,1,1,0,1,0,0,0
1094,0,0,1,1,1,0,1
1095,0,0,0,0,0,0,1
1096,0,0,0,0,0,0,0
1097,1,0,1,0,0,1,0
1098,0,0,0,0,0,0,1
1099,1,0,1,0,0,0,0
1100,0,0,0,0,0,1,1
1101,1,0,0,0,0,1,1
1102,0,0,0,0,0,1,1
1103,0,1,0,0,0,0,1
1104,1,0,1,1,0,0,1
1105,1,0,1,1,1,1,1
1106,1,1,0,0,0,0,1
1107,0,0,1,0,0,1,0
1108,1,1,0,1,1,0,1
1109,1,1,1,1,1,0,0
1110,0,0,0,0,0,1,1
1111,1,0,1,1,0,0,0
1112,0,0,0,0,0,1,1
1113,0,0,1,0,0,0,1
1114,0,0,0,0,0,1,1
1115,1,0,1,0,0,0,0
1116,0,0,1,0,1,1,0
1117,0,0,0,0,0,1,1
1118,0,0,1,0,0,1,0
1119,1,0,0,0,0,1,1
1120,1,0,0,0,0,0,1
1121,0,1,0,0,0,0,1
1122,0,0,1,0,0,0,1
1123,0,0,0,1,0,1,1
1124,0,0,0,0,0,1,0
1125,1,1,0,1,0,0,0
1126,0,0,0,0,0,1,1
1127,1,1,0,1,0,0,0
1128,0,0,0,0,0,1,0
1129,0,0,1,1,1,0,1
1130,1,1,1,1,0,0,0
1131,1,0,1,0,0,0,0
1132,1,0,1,0,1,0,1
1133,1,1,0,1,1,0,0
1134,0,0,0,0,0,1,1
1135,0,0,0,1,1,1,1
1136,1,1,0,1,0,0,1
1137,0,0,1,0,0,0,1
1138,1,0,0,1,1,0,1
1139,0,0,1,1,0,0,1
1140,0,0,1,1,0,1,0
1141,0,0,1,1,1,0,1
1142,0,0,0,0,0,1,1
1143,0,1,0,1,0,0,0
1144,0,0,0,0,0,1,1
1145,1,0,0,0,0,1,1
1146,0,0,0,0,0,1,1
1147,0,0,0,0,0,1,0
1148,0,0,0,0,0,1,1
1149,0,0,1,0,0,0,1
1150,0,0,0,0,0,1,1
1151,1,0,0,1,0,1,1
1152,0,0,0,0,0,1,1
1153,0,0,1,0,1,0,1
1154,0,0,1,1,1,1,1
1155,1,0,0,0,0,0,0
1156,0,0,0,0,0,1,1
1157,0,0,0,0,0,0,1
1158,0,0,0,0,0,1,1
1159,0,0,1,0,0,1,1
1160,0,0,0,0,0,1,1
1161,1,1,0,0,0,0,0
1162,0,0,0,0,0,1,0
1163,0,1,1,1,0,0,0
1164,0,0,1,1,0,1,0
1165,0,0,0,0,0,1,0
1166,0,0,1,1,0,0,1
1167,0,0,0,0,0,0,1
1168,1,0,0,1,0,0,1
1169,1,0,0,1,0,0,1
1170,0,0,0,0,0,0,1
1171,0,0,1,0,0,1,1
1172,0,0,0,1,1,1,1
1173,0,0,1,0,0,1,0
1174,0,0,1,1,1,1,0
1175,0,0,1,1,1,1,1
1176,1,0,0,0,0,1,1
1177,0,0,0,0,0,1,1
1178,0,1,0,1,0,0,1
1179,0,0,0,0,0,1,0
1180,0,0,0,0,0,1,1
1181,0,1,0,0,0,0,1
1182,1,0,1,0,0,1,0
1183,0,0,0,0,0,1,0
1184,1,1,0,1,1,0,1
1185,1,0,0,0,0,1,1
1186,0,0,0,0,0,1,1
1187,0,1,1,1,1,0,0
1188,0,0,0,1,0,1,0
1189,1,1,0,0,0,0,1
1190,0,0,0,0,0,1,1
1191,1,0,0,0,0,1,1
1192,0,0,0,0,0,0,0
1193,1,0,0,0,1,0,1
1194,0,0,0,0,0,1,1
1195,0,0,1,0,0,1,0
1196,1,0,1,1,1,0,1
1197,1,1,0,1,1,0,1
1198,0,0,0,0,1,1,1
1199,1,1,0,1,1,0,1
1200,1,0,1,1,0,1,1
1201,0,0,0,0,0,1,1
1202,0,0,0,0,0,1,0
1203,0,0,0,0,0,1,1
1204,1,0,1,0,0,1,0
1205,1,1,1,0,0,0,0
1206,0,0,1,0,0,1,0
1207,1,1,0,1,0,0,0
1208,0,0,0,0,0,0,1
1209,0,0,0,0,0,1,1
1210,0,0,0,1,0,0,1
1211,0,0,0,0,0,1,1
1212,0,0,0,0,0,1,0
1213,0,0,0,0,0,0,1
1214,1,0,0,0,0,0,1
1215,1,1,1,0,0,0,1
1216,0,0,0,0,0,1,1
1217,0,1,1,1,1,0,1
1218,1,1,0,0,0,0,0
1219,0,0,0,1,0,0,1
1220,0,0,0,0,0,0,1
1221,1,1,1,0,1,0,1
1222,1,0,0,0,0,0,0
1223,0,0,0,0,0,1,0
1224,0,0,1,1,1,1,0
1225,0,0,0,0,0,1,1
1226,1,0,0,0,0,0,1
1227,1,0,0,0,0,0,1
1228,1,0,0,0,1,1,0
1229,0,0,0,0,0,0,1
1230,0,0,0,0,0,1,0
1231,0,0,0,0,0,0,1
1232,1,0,0,0,0,1,1
1233,0,1,0,1,1,1,1
1234,1,1,1,0,1,0,0
1235,0,0,0,1,1,1,1
1236,0,0,1,0,0,1,1
1237,0,0,0,0,0,0,1
1238,1,0,1,0,0,1,0
1239,0,0,0,0,0,0,1
1240,1,0,1,0,0,0,1
1241,1,1,1,0,1,0,0
1242,0,0,0,0,0,0,1
1243,0,1,0,0,0,0,1
1244,1,1,0,1,1,0,1
1245,0,0,1,1,1,1,1
1246,1,0,0,0,0,0,1
1247,1,1,1,1,0,0,1
1248,0,0,0,0,0,1,1
1249,0,0,0,0,0,1,0
1250,1,0,1,1,0,1,1
1251,0,1,0,1,1,1,1
1252,0,1,1,1,1,0,0
1253,1,0,1,0,0,0,1
1254,0,0,0,0,0,1,1
1255,0,1,1,1,0,0,0
1256,0,1,1,1,1,1,1
1257,0,0,0,1,0,1,0
1258,0,1,1,0,0,1,1
1259,1,1,1,0,1,0,0
1260,0,0,0,0,0,0,0
1261,0,0,0,1,0,0,1
1262,1,1,1,0,0,0,0
1263,1,0,0,0,0,0,1
1264,1,0,0,0,0,0,1
1265,1,1,1,1,1,0,1
1266,1,1,1,0,0,0,0
1267,0,0,1,1,0,1,1
1268,0,0,0,0,0,0,1
1269,1,1,0,0,0,0,1
1270,0,0,0,1,1,1,1
1271,0,0,0,0,0,1,0
1272,0,0,0,0,0,1,0
1273,0,0,1,0,0,1,1
1274,0,0,1,1,0,1,1
1275,0,0,0,0,0,0,1
1276,0,1,1,1,1,0,1
1277,0,0,0,0,0,1,1
1278,1,0,0,0,0,0,1
1279,0,0,0,0,0,1,0
1280,0,0,0,1,1,1,1
1281,0,1,0,0,0,0,1
1282,1,1,1,0,1,0,1
1283,0,0,0,0,1,1,1
1284,1,0,0,0,0,0,1
1285,0,0,0,1,1,1,1
1286,0,1,1,1,0,0,1
1287,0,0,0,0,0,1,0
1288,1,1,1,1,1,0,0
1289,0,0,0,0,0,1,1
1290,1,0,0,0,0,1,0
1291,1,1,1,0,0,0,1
1292,1,0,0,1,0,0,1
1293,0,1,1,0,1,0,0
1294,0,1,0,0,0,0,1
1295,1,0,0,1,0,0,0
1296,0,0,0,0,0,0,0
1297,0,0,0,1,0,0,1
1298,1,1,0,1,1,0,0
1299,0,0,1,0,0,1,0
1300,0,0,1,1,1,1,1
1301,0,0,1,0,0,1,0
1302,1,1,1,1,0,0,0
1303,0,0,1,0,0,1,1
1304,0,0,0,0,0,1,1
1305,1,1,1,0,0,0,0
1306,1,0,0,0,0,1,1
1307,0,0,0,0,0,1,1
1308,0,0,0,1,1,1,0
